Workbook
Name _p7_2025: '[1]7mo25'!$A$1:$H$137
Name _p8_2025: '[1]8vo25'!$A$1:$H$143

Sheet Hoja1
A1: CONTRATO DE APRENDIZAJE | H1: COORDINACIÓN VIRTUAL
A2: FECHA DE GESTIÓN | B2: FICHA | C2: TIPO DE DOCUMENTO | D2: NUMERO DE DOCUMENTO | E2: NOMBRE | F2: PROGRAMA | H2: VERIFICACIÓN COORDINACION VIRTUAL | I2: FECHA DE VERIFICACIÓN | J2: NOMBRE DE LA PERSONA | K2: CONFIRMACIÓN DE ENVÍO DE LA CARTA DE FECHAS SI / NO
A3: 46044 | B3: 3235891 | C3: CEDULA DE CIUDADANIA | D3: 1007409733 | E3: MONICA YULITZA REYES ROJAS | F3: TECNÓLOGO EN ANALISIS Y DESARROLLO DE SOFTWARE. | H3: FALTA 47 JUCIOS POR EVALUAR | I3: 22/01/2026 | J3: KARINA ROJAS
A4: 46044 | B4: 2977755 | C4: CEDULA DE CIUDADANIA | D4: 1044616637 | E4: CRISTIAN MARCOS PEREZ | F4: TECNÓLOGO EN COORDINACION DE PROCESOS LOGISTICOS | H4: FALTA 48 JUICIOS POR EVALUAR | I4: 22/01/2026 | J4: KARINA ROJAS
A5: 46044 | B5: 3336173 | C5: CEDULA DE CIUDADANIA | D5: 1002609671 | E5: VALENTINA ARIAS ARISTIZABAL | F5: TECNÓLOGO EN ANALISIS Y DESARROLLO DE SOFTWARE. | H5: FALTA 66 JUICIOS POR EVALUAR | I5: 22/01/2026 | J5: KARINA ROJAS
A6: 46044 | B6: 3186282 | C6: CEDULA DE CIUDADANIA | D6: 1235538925 | E6: OSNEIDY DEL PILAR ROLON COTES | F6: TÉCNICO EN SERVICIOS COMERCIALES Y FINANCIEROS | H6: ESTA AL DIA | I6: 22/01/2026 | J6: KARINA ROJAS
A7: 46044 | B7: 3186283 | C7: CEDULA DE CIUDADANIA | D7: 1045739357 | E7: VERONICA DEL CARMEN CALDERON OCHOA | F7: TÉCNICO EN SERVICIOS COMERCIALES Y FINANCIEROS | H7: ESTA AL DIA | I7: 22/01/2026 | J7: KARINA ROJAS
A8: 46044 | B8: 3236062 | C8: CEDULA DE CIUDADANIA | D8: 1089481201 | E8: TATIANA SALOME BOLAÑOS YANDUN | F8: TÉCNICO EN SERVICIOS COMERCIALES Y FINANCIEROS | H8: FALTA 8 JUICIOS POR EVALUAR | I8: 22/01/2026 | J8: KARINA ROJAS
A9: 46044 | B9: 3186284 | C9: CEDULA DE CIUDADANIA | D9: 1034656784 | E9: ANDRES GEOVANNY SENEJOA CARRILLO | F9: TÉCNICO EN SERVICIOS COMERCIALES Y FINANCIEROS | H9: FALTA 3 JUICIOS POR EVALUAR | I9: 22/01/2026 | J9: KARINA ROJAS
A10: 46044 | B10: 2879838 | C10: CEDULA DE CIUDADANIA | D10: 1007255079 | E10: STEPHANY MARTINEZ ALANDETE | F10: TECNÓLOGO EN COORDINACION DE PROCESOS LOGISTICOS | H10: ESTA AL DIA | I10: 22/01/2026 | J10: KARINA ROJAS
A11: 46044 | B11: 3186222 | C11: CEDULA DE CIUDADANIA | D11: 1002201083 | E11: SHIRLI YASMIN PUERTA FLOREZ | F11: TÉCNICO EN OPERACIONES DE COMERCIO EXTERIOR | H11: ESTA AL DIA | I11: 22/01/2026 | J11: KARINA ROJAS
A12: 46044 | B12: 3335836 | C12: CEDULA DE CIUDADANIA | D12: 1069402661 | E12: YESMI PAOLA AMAYA RODRIGUEZ | F12: TECNOLOGO GESTION CONTABLE Y DE INFORMACION FINANCIERA | H12: FALTA 65 JUICIOS POR EVALUAR | I12: 22/01/2026 | J12: KARINA ROJAS
A13: 46044 | B13: 3186304 | C13: CEDULA DE CIUDADANIA | D13: 1073176065 | E13: YULIHET KATERINE ESPINOSA GOMEZ | F13: TÉCNICO EN SERVICIOS Y OPERACIONES MICROFINANCIERAS | H13: ESTA AL DIA | I13: 22/01/2026 | J13: KARINA ROJAS
A14: 46044 | B14: 2977227 | C14: CEDULA DE CIUDADANIA | D14: 1034986359 | E14: SOFIA AGUDELO HERNANDEZ | F14: TECNÓLOGO EN DESARROLLO DE MEDIOS GRAFICOS VISUALES | H14: FALTA 6 JUICIOS POR EVALUAR | I14: 22/01/2026 | J14: KARINA ROJAS
... A31: 46044 | B31: 2879843 | C31: CEDULA DE CIUDADANIA | D31: 52982445 | E31: LETTY ANDREA ALONSO MELO | F31: TECNÓLOGO EN COORDINACION DE PROCESOS LOGISTICOS | H31: ESTA AL DIA | I31: 26/01/2026 | J31: KARINA ROJAS
A32: 26/01/2026 | B32: 3335839 | C32: CEDULA DE CIUDADANIA | D32: 1082774480 | E32: GILMA DORADO SALAMANCA | F32: TECNOLOGO GESTION CONTABLE Y DE INFORMACION FINANCIERA | H32: FALTAN 67 JUICIOS POR EVALUAR | I32: 26/01/2026 | J32: KARINA ROJAS
A33: 26/01/2026 | B33: 3186304 | C33: CEDULA DE CIUDADANIA | D33: 1073519402 | E33: LISETH JOHANA ZAMBRANO MAHECHA | F33: TÉCNICO EN SERVICIOS Y OPERACIONES MICROFINANCIERAS | H33: ESTA AL DIA | I33: 26/01/2026 | J33: KARINA ROJAS
A34: 26/01/2026 | B34: 3186285 | C34: CEDULA DE CIUDADANIA | D34: 40942411 | E34: YURANCEY BOLAÑO GARAY | F34: TÉCNICO EN SERVICIOS COMERCIALES Y FINANCIEROS | H34: ESTA AL DIA | I34: 26/01/2026 | J34: KARINA ROJAS
A35: 26/01/2026 | B35: 3186282 | C35: CEDULA DE CIUDADANIA | D35: 1101818015 | E35: LESLI JOHANA GONZALEZ MONTES | F35: TÉCNICO EN SERVICIOS COMERCIALES Y FINANCIEROS | H35: FALTA 6 JUICIOS POR EVALUAR | I35: 26/01/2026 | J35: KARINA ROJAS
A36: 26/01/2026 | B36: 3186282 | C36: CEDULA DE CIUDADANIA | D36: 1225092989 | E36: ELIZABETH CAMPO QUIJANO | F36: TÉCNICO EN SERVICIOS COMERCIALES Y FINANCIEROS | H36: ESTA AL DIA | I36: 26/01/2026 | J36: KARINA ROJAS
A37: 28/01/2026 | B37: 3186284 | C37: CEDULA DE CIUDADANIA | D37: 1075682995 | E37: CRISTIAN CAMILO TORRES BELTRAN | F37: TÉCNICO EN SERVICIOS COMERCIALES Y FINANCIEROS
A38: 28/01/2026 | B38: 2977137 | C38: CEDULA DE CIUDADANIA | D38: 1042767503 | E38: SERGIO ANDRES AGUDELO PEREZ | F38: TECNÓLOGO EN DESARROLLO MULTIMEDIA Y WEB

Sheet Hoja2
B6: D. | C6: No. Documento | D6: Nombres y Apellidos | E6: Ficha | F6: Fecha Inicio | G6: Fecha Final | H6: Nivel Formación | I6: Modalidad | J6: Programa | K6: Estado | L6: Trimestre | M6: Intensidad Horaria
K7: (si esta activa) | L7: (en que va)
B8: C.C | C8: 1001187205 | D8: LEIDY JOHANA CAVIEDES ORDUZ | E8: 3118513 | F8: 45614 | G8: 46435 | H8: TECNÓLOGO | I8: VIRTUAL | J8: DESARROLLO DE MEDIOS GRAFICOS VISUALES | K8: FORMACION | L8: 6 TRIMESTRE | M8: 34 Horas

Sheet Consultar
C6: FICHA | D6: 3070336
C9: FECHA INICIO | D9: =VLOOKUP(D6,'PE04'!$A$2:$G$353,4,FALSE) -> 16/09/2024
C10: FECHA FIN LECTIVA | D10: =VLOOKUP(D6,'PE04'!$A$2:$G$353,5,FALSE) -> 46188
C11: FECHA FIN | D11: =VLOOKUP(D6,'PE04'!$A$2:$G$353,6,FALSE) -> 15/12/2026
C12: ESTADO | D12: =VLOOKUP(D6,'PE04'!$A$2:$G$353,7,FALSE) -> En ejecucion
C13: NIVEL | D13: =VLOOKUP(D6,'PE04'!$A$2:$G$353,2,FALSE) -> TECNÓLOGO
C14: PROGRAMA | D14: =VLOOKUP(D6,'PE04'!$A$2:$G$353,3,FALSE) -> COORDINACION DE PROCESOS LOGISTICOS
C15: TRIMESTRE | D15: ="Trimestre " & MIN(8, INT(DATEDIF(D9, MIN(D11, TODAY()), "m") / 3) + 1) -> Trimestre 7
C16: ACUERDO | D16: =IF(VALUE(D9) < DATE(2024, 11, 20), "ACUERDO 007", "ACUERDO 009") -> ACUERDO 007
C17: FASE | D17: {=_xlfn.IFS( DATEDIF(D9, TODAY(), "m") < 1, "INDUCCION", DATEDIF(D9, TODAY(), "m") <= 4, "ANALISIS", DATEDIF(D9, TODAY(), "m") <= 9, "PLANEACION", DATEDIF(D9, TODAY(), "m") <= 13, "EJECUCION", DATEDIF(D9, TODAY(), "m") <= 18, "EVALUACION", TRUE, "NO ESTA EN LECTIVA" )} -> EVALUACION
C19: INSTRUCTOR TECNICO 2026 | D19: =VLOOKUP(D6,Hoja7!$1:$1048576,16,FALSE) -> MARIA PAOLA GIRALDO HERRERA
C21: INSTRUCTOR TECNICO 2025 | D21: =VLOOKUP(D6,Hoja7!$1:$1048576,13,FALSE) -> OSCAR EDUARDO SARMIENTO SAAVEDRA
C24: TRANSVERSALES VISTAS | D24: {=_xlfn.LET( _xlpm.datos, TRANSPOSE(_xlfn.XLOOKUP(D6,Hoja7!$A:$A,Hoja7!$S:$BO,"NO SE HA PROGRAMADO O ES ANTERIOR A LA BASE",0)), _xlfn._xlws.FILTER(_xlpm.datos, (_xlpm.datos<>"")*(_xlpm.datos<>0), "Sin datos programados") )} -> COM | F24: TRANSVERSALES FALTANTES | G24: {=TRANSPOSE(_xlfn.XLOOKUP(D6,Hoja7!A:A,Hoja7!BS:BS,"NO TIENE PENDIENTES",0))}
D25: JORGE ARMANDO PIEDRAHITA CABRERA
D26: MAT
D27: ELKIN DURAN MANCIPE
D28: CIE
D29: LAURA SOFIA PAEZ GALLO
D30: TIC
D31: ERICK RUIZ NOREÑA
D32: INV
D33: FRANCI PAOLA LOZANO PIRAQUIVE
D34: DER
D35: HECTOR ANDRES CIPAMOCHA CENTENO
D36: ETI
... D44: DAVID BAUTISTA ROMERO

Sheet Hoja6
A1: PROGRAMA | B1: NIVEL | C1: COD PRO | D1: VER | E1: INDUCCION | F1: ANALISIS | I1: PLANEACION | N1: EJECUCION | R1: EVALUACION | W1: NEW
A2: ASESORIA COMERCIAL | B2: TÉCNICO | C2: 631101 | D2: 2 | F2: TIC | G2: MAT | H2: CIE | I2: CUL | J2: ETI | K2: COM | N2: SST | O2: EMP | R2: DER | V2: =COUNTIF(F2:U2,"*") -> 9 | W2: TIC MAT EMP CIE CUL ETI COM SST DER
A3: CONTABILIZACION DE OPERACIONES COMERCIALES Y FINANCIERAS | B3: TÉCNICO | C3: 133100 | D3: 2 | F3: EMP | G3: TIC | H3: MAT | J3: COM | K3: ETI | N3: DER | O3: SST | R3: CUL | V3: =COUNTIF(F3:U3,"*") -> 8 | W3: EMP TIC MAT COM ETI DER SST CUL
A4: OPERACIONES DE COMERCIO EXTERIOR | B4: TÉCNICO | F4: MAT | G4: TIC | H4: COM | I4: CUL | J4: ETI | K4: SST | N4: EMP | R4: DER | V4: =COUNTIF(F4:U4,"*") -> 8 | W4: MAT TIC COM CUL ETI SST EMP DER
A5: OPERACIONES COMERCIALES EN RETAIL | B5: TÉCNICO | F5: TIC | G5: MAT | H5: FIS | I5: CUL | J5: ETI | K5: COM | N5: SST | O5: DER | R5: EMP | V5: =COUNTIF(F5:U5,"*") -> 9 | W5: TIC MAT FIS CUL ETI COM SST DER EMP
A6: SERVICIOS COMERCIALES Y FINANCIEROS | B6: TÉCNICO | C6: 133303 | D6: 1 | F6: TIC | G6: MAT | H6: COM | J6: CUL | N6: SST | O6: EMP | P6: ETI | R6: DER | V6: =COUNTIF(F6:U6,"*") -> 8 | W6: TIC MAT COM CUL SST EMP ETI DER
A7: SERVICIOS Y OPERACIONES MICROFINANCIERAS | B7: TÉCNICO | F7: MAT | G7: SST | H7: COM | I7: ETI | J7: CUL | K7: DER | N7: TIC | R7: EMP | V7: =COUNTIF(F7:U7,"*") -> 8 | W7: MAT SST COM ETI CUL DER TIC EMP
A8: ANALISIS Y DESARROLLO DE SOFTWARE | B8: TECNÓLOGO | C8: 228118 | D8: 1 | F8: MAT | G8: TIC | J8: COM | K8: INV | L8: FIS | N8: EMP | O8: ETI | P8: SST | Q8: CUL | R8: DER | V8: =COUNTIF(F8:U8,"*") -> 10 | W8: MAT TIC COM INV FIS EMP ETI SST CUL DER
A9: ANIMACION 3D | B9: TECNÓLOGO | C9: 524703 | D9: 1 | F9: MAT | G9: CIE | H9: COM | I9: TIC | J9: CUL | K9: SST | N9: INV | O9: ETI | R9: EMP | S9: DER | V9: =COUNTIF(F9:U9,"*") -> 10 | W9: MAT CIE COM TIC CUL SST INV ETI EMP DER
A10: ANIMACION DIGITAL | B10: TECNÓLOGO | C10: 513601 | D10: 3 | F10: TIC | G10: COM | H10: MAT | I10: CIE | J10: INV | N10: ETI | O10: SST | P10: CUL | R10: EMP | S10: DER | V10: =COUNTIF(F10:U10,"*") -> 10 | W10: TIC COM MAT CIE INV ETI SST CUL EMP DER
A11: COORDINACION DE PROCESOS LOGISTICOS | B11: TECNÓLOGO | C11: 121523 | D11: 2 | E11: IND | F11: INV | G11: COM | H11: TIC | J11: MAT | K11: CIE | L11: DER | N11: ETI | O11: SST | R11: EMP | S11: CUL | V11: =COUNTIF(F11:U11,"*") -> 10 | W11: INV COM TIC MAT CIE DER ETI SST EMP CUL
A12: DESARROLLO DE MEDIOS GRAFICOS VISUALES | B12: TECNÓLOGO | C12: 522309 | D12: 1 | F12: TIC | G12: MAT | H12: COM | I12: SST | J12: EMP | K12: DER | N12: INV | O12: FIS | P12: CUL | R12: ETI | V12: =COUNTIF(F12:U12,"*") -> 10 | W12: TIC MAT COM SST EMP DER INV FIS CUL ETI
A13: DESARROLLO MULTIMEDIA Y WEB | B13: TECNÓLOGO | C13: 217320 | D13: 1 | F13: MAT | G13: COM | H13: TIC | I13: INV | J13: FIS | K13: CUL | L13: ETI | N13: SST | R13: EMP | S13: DER | V13: =COUNTIF(F13:U13,"*") -> 10 | W13: MAT COM TIC INV FIS CUL ETI SST EMP DER
A14: DESARROLLO PUBLICITARIO | B14: TECNÓLOGO | C14: 124100 | D14: 1 | F14: TIC | G14: ETI | I14: COM | J14: EMP | K14: INV | N14: MAT | O14: SST | R14: CUL | S14: CIE | T14: DER | V14: =COUNTIF(F14:U14,"*") -> 10 | W14: TIC ETI COM EMP INV MAT SST CUL CIE DER
A15: GESTION CONTABLE Y DE INFORMACION FINANCIERA | B15: TECNÓLOGO | C15: 123101 | D15: 1 | F15: TIC | G15: COM | H15: MAT | I15: ETI | J15: DER | N15: CUL | O15: EMP | P15: INV | R15: SST | V15: =COUNTIF(F15:U15,"*") -> 9 | W15: TIC COM MAT ETI DER CUL EMP INV SST
A21: ALBERTO ANTONIO TAPIA TORRES
A22: ALEX EDUARDO ZAMBRANO PEREZ
A23: ANA MILENA MOSQUERA SEVILLA
A24: ANDRES RUBIANO CUCARIAN
A25: ANGELICA JANETH RODRIGUEZ ALONSO
A26: CAMILO ERNESTO PARRA LOPEZ
A27: CARLOS HERNANDEZ ARCILA
A28: CESAR AUGUSTO BERMEO
A29: CESAR AUGUSTO HERNANDEZ RODRIGUEZ
A30: CHRISTIAN CAMILO RODRIGUEZ SALAS
A31: CINDY YOHANA BOHORQUEZ GARZON
A32: CLAUDIA ROCIO VACCA GARCIA
... A115: EDICSON NIÑO AREVALO

Sheet Hoja7
A1: 1 | B1: 2 | D1: 4 | E1: 5 | F1: 6 | G1: 7 | H1: 8 | I1: 9 | J1: 10 | K1: 11 | L1: 12 | M1: 13 | N1: 14 | O1: 15 | Q1: 16 | R1: 17 | S1: 18 | T1: 19 | U1: 20 | V1: 21 | W1: 22 | X1: 23 | Y1: 24 | Z1: 25 | AA1: 26 | AB1: 27 | AC1: 28 | AD1: 29 | AE1: 30 | AF1: 31 | AG1: 32 | AH1: 33 | AI1: 34 | AJ1: 35 | AK1: 36 | AL1: 37 | AM1: 38 | AN1: 39 | AO1: 40 | AP1: 41 | AQ1: 42 | AR1: 43 | AS1: 44 | AT1: 45 | AU1: 46 | AV1: 47 | AW1: 48 | AX1: 49 | AY1: 50 | AZ1: 51 | BA1: 52 | BB1: 53 | BC1: 54 | BD1: 55 | BP1: 56 | BU1: 57 | BV1: 58
A2: FICHA | B2: NIVEL | C2: APRENDICES | D2: PROGRAMA | E2: F_INI | F2: F_FIN_ LEC | G2: F_FIN | H2: INSTRUCTOR_TECNICO 2024 | I2: INSTRUCTOR_TECNICO_ANT 2024 | J2: INSTRUCTOR BIENVENIDA 2024 | K2: INSTRUCTOR INDUCCION 2025 | L2: INSTRUCTOR_TECNICO_ANT 2025 | M2: INSTRUCTOR TECNICO 2025 | N2: INSTRUCTOR_BILINGUISMO 2024/2025 | O2: INSTRUCTOR BILINGUIMOS 2025 | P2: INSTRUCTOR TECNICO 2026 | Q2: TODAS | R2: FALTAN EN 2024 | S2: Transversal 5to periodo | T2: Instructor 5to periodo | U2: Transversal 6to periodo | V2: Instructor 6to periodo | W2: Transversal 7mo periodo | X2: Instructor 7mo periodo | Y2: Transversal 8vo periodo | Z2: Instructor 8vo periodo | AA2: Transversal 9no Periodo | AB2: Instructor 9no periodo | AC2: Transvesal 1er Periodo 2025 | AD2: Instructor 1er Periodo 2025 | AE2: Transversal 2do periodo 2025 | AF2: Instructor 2do periodo 2025 | AG2: Transversal 3er periodo 2025 - A | AH2: Instructor 3er periodo 2025 -A | AI2: Transversal 3er periodo 2025 - B | AJ2: Instructor 3er periodo 2025 - B | AK2: Transvesal 4to periodo 2025 - A | AL2: Instructor 4to periodo 2025 -A | AM2: Transversal 4to periodo 2025 - B | AN2: Instructor 4to periodo 2025 - B | AO2: Transversal 5to periodo 2025 - A | AP2: Instructor 5to periodo 2025 - A | AQ2: Transversal 5to periodo 2025 - B | AR2: Instructor 5to periodo 2025 -B | AS2: Transversal 6to periodo 2025 - A | AT2: Instructor 6to periodo 2025 - A | AU2: Transversal 6to periodo 2025 - B | AV2: Instructor 6to periodo 2025 -B | AW2: Transversal 7mo periodo 2025 - A | AX2: Instructor 7mo periodo 2025 - A | AY2: Transversal 7mo periodo 2025 - B | AZ2: Instructor 7mo periodo 2025 -B | BA2: Transversal 8vo periodo 2025 - A | BB2: Instructor 8vo periodo 2025 - A | BC2: Transversal 8vo periodo 2025 - B | BD2: Instructor 8vo periodo 2025 - B | BE2: Transversal 9vo periodo 2025 - A | BF2: Instructor 9No periodo 2025 - A | BG2: Transversal 9vo periodo 2025 - B | BH2: Instructor 9No periodo 2025 - B | BI2: Transversal 1er periodo 2026 - A | BJ2: Instructor 1er periodo 2026 - A | BK2: Instructor Bilinguismo 1er Periodo | BL2: Transversal 2do periodo 2026 - A | BM2: Instructor 2do periodo 2026 - A | BN2: Transversal 2do periodo 2026 - B | BO2: Instructor 2do periodo 2026 - B | BP2: FALTAN | BQ2: NUEVAS FALTANTES | BR2: NUEVAS FALTANTES1 | BS2: NUEVAS FALTANTES2 | BU2: ACTIVOS Bilinguismo | BV2: Observación
A3: 3186207 | B3: TECNICO | C3: 71 | D3: OPERACIONES COMERCIALES EN RETAIL | E3: 31/03/2025 | F3: 46021 | G3: 30/06/2026 | K3: KEBIN CUESTA RENTERIA | M3: KEBIN CUESTA RENTERIA | O3: JULIAN FERNANDO GARNICA SEPULVEDA | Q3: FIS SST COM DER ETI EMP CUL MAT TIC | AG3: FIS | AH3: CAMILO ERNESTO CALDERON GALINDO | AI3: COM | AJ3: JORGE ARMANDO PIEDRAHITA CABRERA | AK3: TIC | AL3: ERICK RUIZ NOREÑA | AM3: MAT | AN3: JULIANA HERNANDEZ BARRERA | AO3: CUL | AP3: MELISSA ANDREA LAITON GARNICA | AS3: ETI | AT3: OLGA STELLA PARDO SARAY | AU3: SST | AV3: JORGE IVAN PEREZ GAITAN | AW3: DER | AX3: =IFERROR(VLOOKUP(A3,_p7_2025,2,FALSE),"") -> HECTOR ANDRES CIPAMOCHA CENTENO | BA3: EMP | BB3: =VLOOKUP(A3,_p8_2025,2,FALSE) -> ESTEFANIA SANDOVAL CRUZ | BU3: 32 | BV3: actual
A4: 3186220 | B4: TECNICO | C4: 90 | D4: OPERACIONES DE COMERCIO EXTERIOR | E4: 31/03/2025 | F4: 46021 | G4: 30/06/2026 | K4: LUISA ADRIANA CORREDOR GALVIS | M4: DARLING NATHALI GOMEZ OSPINA | O4: JULIAN FERNANDO GARNICA SEPULVEDA | Q4: SST COM DER ETI EMP CUL MAT TIC | AG4: SST | AH4: MARINELLA DIAZ ACOSTA | AI4: COM | AJ4: JORGE ARMANDO PIEDRAHITA CABRERA | AK4: MAT | AL4: WILDER JULIAN ARIAS HERNANDEZ | AM4: TIC | AN4: SONIA PATRICIA CASTAÑEDA CAYCEDO | AO4: CUL | AP4: CHRISTIAN CAMILO RODRIGUEZ SALAS | AS4: ETI | AT4: IVAN DARIO RODRIGUEZ BUSTAMANTE | AW4: EMP | AX4: =IFERROR(VLOOKUP(A4,_p7_2025,2,FALSE),"") -> ESTEFANIA SANDOVAL CRUZ | BA4: DER | BB4: =VLOOKUP(A4,_p8_2025,2,FALSE) -> HECTOR ANDRES CIPAMOCHA CENTENO | BU4: 28 | BV4: actual
A5: 3186221 | B5: TECNICO | C5: 58 | D5: OPERACIONES DE COMERCIO EXTERIOR | E5: 31/03/2025 | F5: 46021 | G5: 30/06/2026 | K5: LUISA ADRIANA CORREDOR GALVIS | M5: DARLING NATHALI GOMEZ OSPINA | O5: JULIAN FERNANDO GARNICA SEPULVEDA | Q5: SST COM DER ETI EMP CUL MAT TIC | AG5: SST | AH5: MARINELLA DIAZ ACOSTA | AI5: COM | AJ5: CESAR AUGUSTO BERMEO | AK5: MAT | AL5: ELKIN DURAN MANCIPE | AM5: TIC | AN5: SONIA PATRICIA CASTAÑEDA CAYCEDO | AO5: CUL | AP5: CHRISTIAN CAMILO RODRIGUEZ SALAS | AS5: ETI | AT5: NELSON ALFREDO VARGAS MORA | AW5: EMP | AX5: =IFERROR(VLOOKUP(A5,_p7_2025,2,FALSE),"") -> ALBERTO ANTONIO TAPIA TORRES | BA5: DER | BB5: =VLOOKUP(A5,_p8_2025,2,FALSE) -> HECTOR ANDRES CIPAMOCHA CENTENO | BU5: 30 | BV5: actual
A6: 3186222 | B6: TECNICO | C6: 64 | D6: OPERACIONES DE COMERCIO EXTERIOR | E6: 31/03/2025 | F6: 46021 | G6: 30/06/2026 | K6: LUISA ADRIANA CORREDOR GALVIS | M6: DARLING NATHALI GOMEZ OSPINA | O6: JULIAN FERNANDO GARNICA SEPULVEDA | Q6: SST COM DER ETI EMP CUL MAT TIC | AG6: SST | AH6: MARINELLA DIAZ ACOSTA | AI6: COM | AJ6: CESAR AUGUSTO BERMEO | AK6: MAT | AL6: ELKIN DURAN MANCIPE | AM6: TIC | AN6: SONIA PATRICIA CASTAÑEDA CAYCEDO | AO6: CUL | AP6: CHRISTIAN CAMILO RODRIGUEZ SALAS | AS6: ETI | AT6: IVAN DARIO RODRIGUEZ BUSTAMANTE | AW6: EMP | AX6: =IFERROR(VLOOKUP(A6,_p7_2025,2,FALSE),"") -> ESTEFANIA SANDOVAL CRUZ | BA6: DER | BB6: =VLOOKUP(A6,_p8_2025,2,FALSE) -> MARIA CAROLINA GOMEZ CALLE | BU6: 35 | BV6: actual
A7: 3186281 | B7: TECNICO | C7: 70 | D7: SERVICIOS COMERCIALES Y FINANCIEROS | E7: 31/03/2025 | F7: 46021 | G7: 30/06/2026 | K7: LAURA CRISTINA RIAÑO ARIZA | M7: LAURA CRISTINA RIAÑO ARIZA | O7: ANGELA JULIETTE SILVA VELANDIA | Q7: TIC MAT COM CUL SST EMP ETI DER | AG7: TIC | AH7: CRISTINA CASTAÑO CASTILLO | AI7: MAT | AJ7: JULIANA HERNANDEZ BARRERA | AK7: ETI | AL7: IVAN DARIO RODRIGUEZ BUSTAMANTE | AM7: CUL | AN7: MELISSA ANDREA LAITON GARNICA | AO7: EMP | AP7: LUIS ARTURO BASTIDAS | AS7: SST | AT7: JORGE IVAN PEREZ GAITAN | AW7: DER | AX7: =IFERROR(VLOOKUP(A7,_p7_2025,2,FALSE),"") -> LAURA STHEPHANIA SANCHEZ PABON | BA7: COM | BB7: =VLOOKUP(A7,_p8_2025,2,FALSE) -> CESAR AUGUSTO BERMEO | BU7: 42 | BV7: actual
A8: 3186282 | B8: TECNICO | C8: 68 | D8: SERVICIOS COMERCIALES Y FINANCIEROS | E8: 31/03/2025 | F8: 46021 | G8: 30/06/2026 | K8: LAURA CRISTINA RIAÑO ARIZA | M8: LAURA CRISTINA RIAÑO ARIZA | O8: ANGELA JULIETTE SILVA VELANDIA | Q8: TIC MAT COM CUL SST EMP ETI DER | AG8: TIC | AH8: CRISTINA CASTAÑO CASTILLO | AI8: MAT | AJ8: JULIANA HERNANDEZ BARRERA | AK8: ETI | AL8: OLGA STELLA PARDO SARAY | AM8: CUL | AN8: MELISSA ANDREA LAITON GARNICA | AO8: EMP | AP8: LUIS ARTURO BASTIDAS | AS8: SST | AT8: DEISY JULIETH GARCIA CASTAÑEDA | AW8: DER | AX8: =IFERROR(VLOOKUP(A8,_p7_2025,2,FALSE),"") -> LAURA STHEPHANIA SANCHEZ PABON | BA8: COM | BB8: =VLOOKUP(A8,_p8_2025,2,FALSE) -> CESAR AUGUSTO BERMEO | BU8: 32 | BV8: actual
A9: 3186283 | B9: TECNICO | C9: 64 | D9: SERVICIOS COMERCIALES Y FINANCIEROS | E9: 31/03/2025 | F9: 46021 | G9: 30/06/2026 | K9: LAURA CRISTINA RIAÑO ARIZA | M9: LAURA CRISTINA RIAÑO ARIZA | O9: ANGELA JULIETTE SILVA VELANDIA | Q9: TIC MAT COM CUL SST EMP ETI DER | AG9: TIC | AH9: CRISTINA CASTAÑO CASTILLO | AI9: MAT | AJ9: JULIANA HERNANDEZ BARRERA | AK9: ETI | AL9: NELSON ALFREDO VARGAS MORA | AM9: CUL | AN9: MELISSA ANDREA LAITON GARNICA | AO9: EMP | AP9: ALBERTO ANTONIO TAPIA TORRES | AS9: SST | AT9: DEISY JULIETH GARCIA CASTAÑEDA | AW9: DER | AX9: =IFERROR(VLOOKUP(A9,_p7_2025,2,FALSE),"") -> MARIA CAROLINA GOMEZ CALLE | BA9: COM | BB9: =VLOOKUP(A9,_p8_2025,2,FALSE) -> JORGE ARMANDO PIEDRAHITA | BU9: 28 | BV9: actual
A10: 3186284 | B10: TECNICO | C10: 70 | D10: SERVICIOS COMERCIALES Y FINANCIEROS | E10: 31/03/2025 | F10: 46021 | G10: 30/06/2026 | K10: MOISES EDGARDO MERIÑO POLO | L10: MOISES EDGARDO MERIÑO POLO | M10: FRANKELI RODRIGUEZ VELASCO | O10: ANGELA JULIETTE SILVA VELANDIA | Q10: TIC MAT COM CUL SST EMP ETI DER | AG10: TIC | AH10: CRISTINA CASTAÑO CASTILLO | AI10: MAT | AJ10: JULIANA HERNANDEZ BARRERA | AK10: ETI | AL10: IVAN DARIO RODRIGUEZ BUSTAMANTE | AM10: CUL | AN10: CHRISTIAN CAMILO RODRIGUEZ SALAS | AO10: EMP | AP10: ALBERTO ANTONIO TAPIA TORRES | AS10: SST | AT10: MARINELLA DIAZ ACOSTA | AW10: DER | AX10: =IFERROR(VLOOKUP(A10,_p7_2025,2,FALSE),"") -> MARIA CAROLINA GOMEZ CALLE | BA10: COM | BB10: =VLOOKUP(A10,_p8_2025,2,FALSE) -> JORGE ARMANDO PIEDRAHITA | BU10: 34 | BV10: actual
A11: 3186285 | B11: TECNICO | C11: 76 | D11: SERVICIOS COMERCIALES Y FINANCIEROS | E11: 31/03/2025 | F11: 46021 | G11: 30/06/2026 | K11: MOISES EDGARDO MERIÑO POLO | L11: MOISES EDGARDO MERIÑO POLO | M11: FRANKELI RODRIGUEZ VELASCO | O11: KAREN DAYANA CASTAÑEDA | Q11: TIC MAT COM CUL SST EMP ETI DER | AG11: TIC | AH11: CRISTINA CASTAÑO CASTILLO | AI11: MAT | AJ11: JULIANA HERNANDEZ BARRERA | AK11: ETI | AL11: NELSON ALFREDO VARGAS MORA | AM11: CUL | AN11: CHRISTIAN CAMILO RODRIGUEZ SALAS | AO11: EMP | AP11: ALBERTO ANTONIO TAPIA TORRES | AS11: SST | AT11: DEISY JULIETH GARCIA CASTAÑEDA | AW11: COM | AX11: =IFERROR(VLOOKUP(A11,_p7_2025,2,FALSE),"") -> CESAR AUGUSTO BERMEO | BA11: DER | BB11: =VLOOKUP(A11,_p8_2025,2,FALSE) -> LAURA STHEPHANIA SANCHEZ PABON | BU11: 65 | BV11: actual
A12: 3186303 | B12: TECNICO | C12: 57 | D12: SERVICIOS Y OPERACIONES MICROFINANCIERAS | E12: 31/03/2025 | F12: 46021 | G12: 30/06/2026 | K12: MOISES EDGARDO MERIÑO POLO | M12: YERSON ALVEIRO DUARTE VELASCO | O12: DAVID BAUTISTA ROMERO | Q12: SST COM DER ETI CUL EMP MAT TIC | AG12: SST | AH12: DEISY JULIETH GARCIA CASTAÑEDA | AI12: COM | AJ12: JORGE ARMANDO PIEDRAHITA CABRERA | AK12: CUL | AL12: MELISSA ANDREA LAITON GARNICA | AM12: ETI | AN12: OLGA STELLA PARDO SARAY | AO12: EMP | AP12: LUIS ARTURO BASTIDAS | AS12: DER | AT12: HECTOR ANDRES CIPAMOCHA CENTENO | AW12: TIC | AX12: =IFERROR(VLOOKUP(A12,_p7_2025,2,FALSE),"") -> ANGELICA JANETH RODRIGUEZ ALONSO | BA12: MAT | BB12: =VLOOKUP(A12,_p8_2025,2,FALSE) -> ELKIN DURAN MANCIPE | BU12: 20 | BV12: actual
A13: 3186304 | B13: TECNICO | C13: 73 | D13: SERVICIOS Y OPERACIONES MICROFINANCIERAS | E13: 31/03/2025 | F13: 46021 | G13: 30/06/2026 | K13: MOISES EDGARDO MERIÑO POLO | M13: YERSON ALVEIRO DUARTE VELASCO | O13: DAVID BAUTISTA ROMERO | Q13: SST COM DER ETI CUL EMP MAT TIC | AG13: SST | AH13: DEISY JULIETH GARCIA CASTAÑEDA | AI13: COM | AJ13: CESAR AUGUSTO BERMEO | AK13: CUL | AL13: MELISSA ANDREA LAITON GARNICA | AM13: ETI | AN13: IVAN DARIO RODRIGUEZ BUSTAMANTE | AO13: EMP | AP13: ESTEFANIA SANDOVAL CRUZ | AS13: DER | AT13: HECTOR ANDRES CIPAMOCHA CENTENO | AW13: TIC | AX13: =IFERROR(VLOOKUP(A13,_p7_2025,2,FALSE),"") -> ANGELICA JANETH RODRIGUEZ ALONSO | BA13: MAT | BB13: =VLOOKUP(A13,_p8_2025,2,FALSE) -> WILDER JULIAN ARIAS HERNANDEZ | BU13: 20 | BV13: actual
A14: 3186305 | B14: TECNICO | C14: 52 | D14: SERVICIOS Y OPERACIONES MICROFINANCIERAS | E14: 31/03/2025 | F14: 46021 | G14: 30/06/2026 | K14: MOISES EDGARDO MERIÑO POLO | M14: YERSON ALVEIRO DUARTE VELASCO | N14: JEIMMY LILIANA CASTILLO GARZON | O14: JHONY ARMANDO RIOS | Q14: SST COM DER ETI CUL EMP MAT TIC | AG14: SST | AH14: DEISY JULIETH GARCIA CASTAÑEDA | AI14: COM | AJ14: CESAR AUGUSTO BERMEO | AK14: CUL | AL14: CHRISTIAN CAMILO RODRIGUEZ SALAS | AM14: ETI | AN14: OLGA STELLA PARDO SARAY | AO14: EMP | AP14: ESTEFANIA SANDOVAL CRUZ | AS14: DER | AT14: MARIA CAROLINA GOMEZ CALLE | AW14: TIC | AX14: =IFERROR(VLOOKUP(A14,_p7_2025,2,FALSE),"") -> CRISTINA CASTAÑO CASTILLO | BA14: MAT | BB14: =VLOOKUP(A14,_p8_2025,2,FALSE) -> WILDER JULIAN ARIAS HERNANDEZ | BU14: 34 | BV14: jeimy
A15: 3167875 | B15: TECNICO | C15: 51 | D15: ASESORIA COMERCIAL | E15: 01/04/2025 | F15: 46022 | G15: 31/12/2025 | K15: KEBIN CUESTA RENTERIA | M15: LUZ MERY ROZO GUTIERREZ | N15: JEIMMY LILIANA CASTILLO GARZON | O15: JHONY ARMANDO RIOS | Q15: TIC EMP MAT CUL ETI COM SST CIE DER | AG15: TIC | AH15: ERICK RUIZ NOREÑA | AI15: EMP | AJ15: ESTEFANIA SANDOVAL CRUZ | AK15: MAT | AL15: JULIANA HERNANDEZ BARRERA | AM15: CIE | AN15: LAURA SOFIA PAEZ GALLO | AO15: CUL | AP15: CHRISTIAN CAMILO RODRIGUEZ SALAS | AS15: ETI | AT15: NELSON ALFREDO VARGAS MORA | AU15: COM | AV15: CESAR AUGUSTO BERMEO | AW15: SST | AX15: =IFERROR(VLOOKUP(A15,_p7_2025,2,FALSE),"") -> DEISY JULIETH GARCIA CASTAÑEDA | BA15: DER | BB15: =VLOOKUP(A15,_p8_2025,2,FALSE) -> LAURA STHEPHANIA SANCHEZ PABON | BU15: 43 | BV15: jeimy
A16: 3167876 | B16: TECNICO | C16: 42 | D16: ASESORIA COMERCIAL | E16: 01/04/2025 | F16: 46022 | G16: 31/12/2025 | K16: KEBIN CUESTA RENTERIA | M16: LUZ MERY ROZO GUTIERREZ | N16: JEIMMY LILIANA CASTILLO GARZON | O16: JHONY ARMANDO RIOS | Q16: TIC EMP MAT CUL ETI COM SST CIE DER | AG16: TIC | AH16: ERICK RUIZ NOREÑA | AI16: EMP | AJ16: ESTEFANIA SANDOVAL CRUZ | AK16: MAT | AL16: ELKIN DURAN MANCIPE | AM16: CIE | AN16: LAURA SOFIA PAEZ GALLO | AO16: ETI | AP16: IVAN DARIO RODRIGUEZ BUSTAMANTE | AS16: CUL | AT16: CHRISTIAN CAMILO RODRIGUEZ SALAS | AU16: COM | AV16: NELLY BLANCO RODRIGUEZ | AW16: SST | AX16: =IFERROR(VLOOKUP(A16,_p7_2025,2,FALSE),"") -> DEISY JULIETH GARCIA CASTAÑEDA | BA16: DER | BB16: =VLOOKUP(A16,_p8_2025,2,FALSE) -> LAURA STHEPHANIA SANCHEZ PABON | BU16: 36 | BV16: jeimy
A17: 3167877 | B17: TECNICO | C17: 56 | D17: ASESORIA COMERCIAL | E17: 01/04/2025 | F17: 46022 | G17: 31/12/2025 | K17: KEBIN CUESTA RENTERIA | M17: LUZ MERY ROZO GUTIERREZ | N17: JEIMMY LILIANA CASTILLO GARZON | O17: JHONY ARMANDO RIOS | Q17: TIC EMP MAT CUL ETI COM SST CIE DER | AG17: TIC | AH17: ERICK RUIZ NOREÑA | AI17: EMP | AJ17: ESTEFANIA SANDOVAL CRUZ | AK17: MAT | AL17: JULIANA HERNANDEZ BARRERA | AM17: CIE | AN17: LAURA SOFIA PAEZ GALLO | AO17: CUL | AP17: MELISSA ANDREA LAITON GARNICA | AS17: ETI | AT17: OLGA STELLA PARDO SARAY | AU17: COM | AV17: NELLY BLANCO RODRIGUEZ | AW17: SST | AX17: =IFERROR(VLOOKUP(A17,_p7_2025,2,FALSE),"") -> JORGE IVAN PEREZ GAITAN | BA17: DER | BB17: =VLOOKUP(A17,_p8_2025,2,FALSE) -> MARIA CAROLINA GOMEZ CALLE | BU17: 48 | BV17: jeimy
A18: 2977135 | B18: TECNOLOGO | C18: 20 | D18: DESARROLLO MULTIMEDIA Y WEB | E18: 14/05/2024 | F18: =IF( OR(((ROUND((G18-E18)/30,0))=27),((ROUND((G18-E18)/30,0))=15)), EDATE(G18,-6), IF( (ROUND((G18-E18)/30,0))=12, EDATE(G18,-3), IF( (ROUND((G18-E18)/30,0))=9, EDATE(G18,0),"CALCULAR"))) -> 46066 | G18: 13/08/2026 | H18: HELDA MARINA SEPULVEDA VEGA | I18: HELDA MARINA SEPULVEDA VEGA | J18: OLGA STELLA PARDO | M18: HELDA MARINA SEPULVEDA VEGA | N18: ANGELA JULIETTE SILVA VELANDIA | O18: ANGELA JULIETTE SILVA VELANDIA | Q18: MAT COM TIC INV FIS CUL ETI SST EMP DER | R18: MAT TIC COM FIS SST INV CUL DER ETI EMP | S18: CUL | T18: MELISSA LAITON LAITON GARNICA | U18: EMP | V18: JOHN FRANZ RINCON PENA | W18: COM | X18: CATHERINE LOZADA OTALORA | Y18: ETI | Z18: NELSON ALFREDO VARGAS MORA | AA18: DER | AB18: MARIA CAROLINA GOMEZ CALLE | AE18: MAT | AF18: ELKIN DURAN MANCIPE | AG18: TIC | AH18: ANGELICA JANETH RODRIGUEZ ALONSO | AK18: INV | AL18: CINDY YOHANA BOHORQUEZ GARZON | AO18: FIS | AP18: CAMILO ERNESTO CALDERON GALINDO | AW18: SST | AX18: =IFERROR(VLOOKUP(A18,_p7_2025,2,FALSE),"") -> DEISY JULIETH GARCIA CASTAÑEDA | BV18: Terminó
A19: 2977136 | B19: TECNOLOGO | C19: 25 | D19: DESARROLLO MULTIMEDIA Y WEB | E19: 14/05/2024 | F19: =IF( OR(((ROUND((G19-E19)/30,0))=27),((ROUND((G19-E19)/30,0))=15)), EDATE(G19,-6), IF( (ROUND((G19-E19)/30,0))=12, EDATE(G19,-3), IF( (ROUND((G19-E19)/30,0))=9, EDATE(G19,0),"CALCULAR"))) -> 46066 | G19: 13/08/2026 | H19: HELDA MARINA SEPULVEDA VEGA | I19: HELDA MARINA SEPULVEDA VEGA | J19: OLGA STELLA PARDO | M19: HELDA MARINA SEPULVEDA VEGA | N19: ANGELA JULIETTE SILVA VELANDIA | O19: ANGELA JULIETTE SILVA VELANDIA | Q19: MAT COM TIC INV FIS CUL ETI SST EMP DER | R19: MAT TIC COM FIS SST INV CUL DER ETI EMP | S19: CUL | T19: YANIS ESTER PEREZ YEPES | U19: FIS | V19: JONATAN LOPEZ CASTILLO | W19: COM | X19: CATHERINE LOZADA OTALORA | Y19: ETI | Z19: LISET NUNEZ RODRIGUEZ | AA19: EMP | AB19: LUIS ARTURO BASTIDAS | AE19: MAT | AF19: ELKIN DURAN MANCIPE | AG19: TIC | AH19: ERICK RUIZ NOREÑA | AK19: INV | AL19: CINDY YOHANA BOHORQUEZ GARZON | AO19: SST | AP19: JORGE IVAN PEREZ GAITAN | AW19: DER | AX19: =IFERROR(VLOOKUP(A19,_p7_2025,2,FALSE),"") -> MARIA CAROLINA GOMEZ CALLE | BV19: Terminó
A20: 2977137 | B20: TECNOLOGO | C20: 20 | D20: DESARROLLO MULTIMEDIA Y WEB | E20: 14/05/2024 | F20: =IF( OR(((ROUND((G20-E20)/30,0))=27),((ROUND((G20-E20)/30,0))=15)), EDATE(G20,-6), IF( (ROUND((G20-E20)/30,0))=12, EDATE(G20,-3), IF( (ROUND((G20-E20)/30,0))=9, EDATE(G20,0),"CALCULAR"))) -> 46066 | G20: 13/08/2026 | H20: HELDA MARINA SEPULVEDA VEGA | I20: HELDA MARINA SEPULVEDA VEGA | J20: OLGA STELLA PARDO | M20: HELDA MARINA SEPULVEDA VEGA | N20: ANGELA JULIETTE SILVA VELANDIA | O20: ANGELA JULIETTE SILVA VELANDIA | Q20: MAT COM TIC INV FIS CUL ETI SST EMP DER | R20: MAT TIC COM FIS SST INV CUL DER ETI EMP | S20: CUL | T20: MELISSA LAITON LAITON GARNICA | U20: FIS | V20: JONATAN LOPEZ CASTILLO | W20: EMP | X20: LUIS ARTURO BASTIDAS | Y20: ETI | Z20: IVAN DARIO RODRIGUEZ BUSTAMANTE | AA20: INV | AB20: CINDY YOHANA BOHORQUEZ GARZON | AE20: MAT | AF20: JULIANA HERNANDEZ BARRERA | AG20: COM | AH20: JORGE ARMANDO PIEDRAHITA CABRERA | AK20: TIC | AL20: CRISTINA CASTAÑO CASTILLO | AO20: SST | AP20: DEISY JULIETH GARCIA CASTAÑEDA | AW20: DER | AX20: =IFERROR(VLOOKUP(A20,_p7_2025,2,FALSE),"") -> HECTOR ANDRES CIPAMOCHA CENTENO | BV20: Terminó
A21: 2977138 | B21: TECNOLOGO | C21: 25 | D21: DESARROLLO MULTIMEDIA Y WEB | E21: 14/05/2024 | F21: =IF( OR(((ROUND((G21-E21)/30,0))=27),((ROUND((G21-E21)/30,0))=15)), EDATE(G21,-6), IF( (ROUND((G21-E21)/30,0))=12, EDATE(G21,-3), IF( (ROUND((G21-E21)/30,0))=9, EDATE(G21,0),"CALCULAR"))) -> 46066 | G21: 13/08/2026 | H21: HELDA MARINA SEPULVEDA VEGA | I21: HELDA MARINA SEPULVEDA VEGA | J21: OLGA STELLA PARDO | M21: HELDA MARINA SEPULVEDA VEGA | N21: ANGELA JULIETTE SILVA VELANDIA | O21: ANGELA JULIETTE SILVA VELANDIA | Q21: MAT COM TIC INV FIS CUL ETI SST EMP DER | R21: MAT TIC COM FIS SST INV CUL DER ETI EMP | S21: CUL | T21: YANIS ESTER PEREZ YEPES | U21: FIS | V21: JONATAN LOPEZ CASTILLO | W21: EMP | X21: CLAUDIA ALICIA HERNANDEZ MESA | Y21: ETI | Z21: IVAN DARIO RODRIGUEZ BUSTAMANTE | AA21: INV | AB21: CINDY YOHANA BOHORQUEZ GARZON | AC21: DER | AD21: HECTOR ANDRES CIPAMOCHA CENTENO | AE21: MAT | AF21: ELKIN DURAN MANCIPE | AG21: SST | AH21: MARINELLA DIAZ ACOSTA | AK21: COM | AL21: CESAR AUGUSTO BERMEO | AW21: TIC | AX21: =IFERROR(VLOOKUP(A21,_p7_2025,2,FALSE),"") -> ANGELICA JANETH RODRIGUEZ ALONSO | BV21: Terminó
A22: 2977225 | B22: TECNOLOGO | C22: 33 | D22: DESARROLLO DE MEDIOS GRAFICOS VISUALES | E22: 14/05/2024 | F22: =IF( OR(((ROUND((G22-E22)/30,0))=27),((ROUND((G22-E22)/30,0))=15)), EDATE(G22,-6), IF( (ROUND((G22-E22)/30,0))=12, EDATE(G22,-3), IF( (ROUND((G22-E22)/30,0))=9, EDATE(G22,0),"CALCULAR"))) -> 46066 | G22: 13/08/2026 | H22: JULIAN DAVID RODRIGUEZ GARZON | I22: JULIAN DAVID RODRIGUEZ GARZON | J22: GUSTAVO ADOLFO MORALES CAMARGO | L22: JULIAN DAVID RODRIGUEZ GARZON | M22: WANDA POSADA PAZ | N22: ANGELA JULIETTE SILVA VELANDIA | O22: ANGELA JULIETTE SILVA VELANDIA | Q22: TIC MAT COM SST DER EMP INV FIS CUL ETI | R22: MAT TIC COM FIS SST INV CUL DER ETI EMP | S22: TIC | T22: EULISES MOGOLLON ORTIZ | U22: COM | V22: CATHERINE LOZADA OTALORA | W22: ETI | X22: CLAUDIA YAMILE MORALES CASTRO | AA22: SST | AB22: JORGE IVAN PEREZ GAITAN | AC22: MAT | AD22: ELKIN DURAN MANCIPE | AE22: DER | AF22: MARIA CAROLINA GOMEZ CALLE | AG22: EMP | AH22: LUIS ARTURO BASTIDAS | AK22: CUL | AL22: MELISSA ANDREA LAITON GARNICA | AO22: FIS | AP22: CAMILO ERNESTO CALDERON GALINDO | AX22: =IFERROR(VLOOKUP(A22,_p7_2025,2,FALSE),"") | BA22: INV | BB22: =VLOOKUP(A22,_p8_2025,2,FALSE) -> CINDY YOHANA BOHORQUEZ GARZON | BV22: Terminó
A23: 2977226 | B23: TECNOLOGO | C23: 29 | D23: DESARROLLO DE MEDIOS GRAFICOS VISUALES | E23: 14/05/2024 | F23: =IF( OR(((ROUND((G23-E23)/30,0))=27),((ROUND((G23-E23)/30,0))=15)), EDATE(G23,-6), IF( (ROUND((G23-E23)/30,0))=12, EDATE(G23,-3), IF( (ROUND((G23-E23)/30,0))=9, EDATE(G23,0),"CALCULAR"))) -> 46066 | G23: 13/08/2026 | H23: JULIAN DAVID RODRIGUEZ GARZON | I23: JULIAN DAVID RODRIGUEZ GARZON | J23: GUSTAVO ADOLFO MORALES CAMARGO | L23: JULIAN DAVID RODRIGUEZ GARZON | M23: WANDA POSADA PAZ | N23: ANGELA JULIETTE SILVA VELANDIA | O23: ANGELA JULIETTE SILVA VELANDIA | Q23: TIC MAT COM SST DER EMP INV FIS CUL ETI | R23: MAT TIC COM FIS SST INV CUL DER ETI EMP | S23: TIC | T23: CRISTINA CASTAÑO CASTILLO | U23: COM | V23: JORGE ARMANDO PIEDRAHITA CABRERA | W23: ETI | X23: LISET NUNEZ RODRIGUEZ | AA23: SST | AB23: JORGE IVAN PEREZ GAITAN | AC23: MAT | AD23: ELKIN DURAN MANCIPE | AE23: DER | AF23: HECTOR ANDRES CIPAMOCHA CENTENO | AG23: EMP | AH23: ALBERTO ANTONIO TAPIA TORRES | AK23: CUL | AL23: MELISSA ANDREA LAITON GARNICA | AO23: FIS | AP23: CAMILO ERNESTO CALDERON GALINDO | AX23: =IFERROR(VLOOKUP(A23,_p7_2025,2,FALSE),"") | BA23: INV | BB23: =VLOOKUP(A23,_p8_2025,2,FALSE) -> CINDY YOHANA BOHORQUEZ GARZON | BV23: Terminó
A24: 2977227 | B24: TECNOLOGO | C24: 35 | D24: DESARROLLO DE MEDIOS GRAFICOS VISUALES | E24: 14/05/2024 | F24: =IF( OR(((ROUND((G24-E24)/30,0))=27),((ROUND((G24-E24)/30,0))=15)), EDATE(G24,-6), IF( (ROUND((G24-E24)/30,0))=12, EDATE(G24,-3), IF( (ROUND((G24-E24)/30,0))=9, EDATE(G24,0),"CALCULAR"))) -> 46066 | G24: 13/08/2026 | H24: JULIAN DAVID RODRIGUEZ GARZON | I24: JULIAN DAVID RODRIGUEZ GARZON | J24: GUSTAVO ADOLFO MORALES CAMARGO | L24: JULIAN DAVID RODRIGUEZ GARZON | M24: WANDA POSADA PAZ | N24: ANGELA JULIETTE SILVA VELANDIA | O24: ANGELA JULIETTE SILVA VELANDIA | Q24: TIC MAT COM SST DER EMP INV FIS CUL ETI | R24: MAT TIC COM FIS SST INV CUL DER ETI EMP | S24: TIC | T24: CRISTINA CASTAÑO CASTILLO | U24: COM | V24: JORGE ARMANDO PIEDRAHITA CABRERA | W24: ETI | X24: NELSON ALFREDO VARGAS MORA | Y24: SST | Z24: JORGE IVAN PEREZ GAITAN | AA24: CUL | AB24: CHRISTIAN CAMILO RODRIGUEZ SALAS | AC24: MAT | AD24: ELKIN DURAN MANCIPE | AE24: DER | AF24: HECTOR ANDRES CIPAMOCHA CENTENO | AG24: EMP | AH24: ALBERTO ANTONIO TAPIA TORRES | AO24: FIS | AP24: CAMILO ERNESTO CALDERON GALINDO | AX24: =IFERROR(VLOOKUP(A24,_p7_2025,2,FALSE),"") | BA24: INV | BB24: =VLOOKUP(A24,_p8_2025,2,FALSE) -> CINDY YOHANA BOHORQUEZ GARZON | BV24: Terminó
A25: 2977228 | B25: TECNOLOGO | C25: 34 | D25: DESARROLLO DE MEDIOS GRAFICOS VISUALES | E25: 14/05/2024 | F25: =IF( OR(((ROUND((G25-E25)/30,0))=27),((ROUND((G25-E25)/30,0))=15)), EDATE(G25,-6), IF( (ROUND((G25-E25)/30,0))=12, EDATE(G25,-3), IF( (ROUND((G25-E25)/30,0))=9, EDATE(G25,0),"CALCULAR"))) -> 46066 | G25: 13/08/2026 | H25: LEYDY NAHIR FONSECA CARDENAS | I25: LEYDY NAHIR FONSECA CARDENAS | J25: GUSTAVO ADOLFO MORALES CAMARGO | M25: LEYDY NAHIR FONSECA CARDENAS | N25: ANGELA JULIETTE SILVA VELANDIA | O25: ANGELA JULIETTE SILVA VELANDIA | Q25: TIC MAT COM SST DER EMP INV FIS CUL ETI | R25: MAT TIC COM FIS SST INV CUL DER ETI EMP | S25: TIC | T25: EULISES MOGOLLON ORTIZ | U25: COM | V25: JORGE ARMANDO PIEDRAHITA CABRERA | W25: ETI | X25: NELLYS JANETH BLANCO RODRIGUEZ | Y25: SST | Z25: LORENA SUAREZ CORREA | AA25: CUL | AB25: CHRISTIAN CAMILO RODRIGUEZ SALAS | AC25: MAT | AD25: JULIANA HERNANDEZ BARRERA | AE25: DER | AF25: MARIA CAROLINA GOMEZ CALLE | AG25: EMP | AH25: ALBERTO ANTONIO TAPIA TORRES | AW25: FIS | AX25: =IFERROR(VLOOKUP(A25,_p7_2025,2,FALSE),"") -> CAMILO ERNESTO CALDERON GALINDO | BA25: INV | BB25: =VLOOKUP(A25,_p8_2025,2,FALSE) -> CINDY YOHANA BOHORQUEZ GARZON | BV25: Terminó
A26: 2977229 | B26: TECNOLOGO | C26: 31 | D26: DESARROLLO DE MEDIOS GRAFICOS VISUALES | E26: 14/05/2024 | F26: =IF( OR(((ROUND((G26-E26)/30,0))=27),((ROUND((G26-E26)/30,0))=15)), EDATE(G26,-6), IF( (ROUND((G26-E26)/30,0))=12, EDATE(G26,-3), IF( (ROUND((G26-E26)/30,0))=9, EDATE(G26,0),"CALCULAR"))) -> 46066 | G26: 13/08/2026 | H26: LEYDY NAHIR FONSECA CARDENAS | I26: LEYDY NAHIR FONSECA CARDENAS | J26: GUSTAVO ADOLFO MORALES CAMARGO | M26: LEYDY NAHIR FONSECA CARDENAS | N26: DAVID BAUTISTA ROMERO | O26: DAVID BAUTISTA ROMERO | Q26: TIC MAT COM SST DER EMP INV FIS CUL ETI | R26: MAT TIC COM FIS SST INV CUL DER ETI EMP | S26: TIC | T26: CRISTINA CASTAÑO CASTILLO | U26: COM | V26: CATHERINE LOZADA OTALORA | W26: ETI | X26: IVAN DARIO RODRIGUEZ BUSTAMANTE | Y26: SST | Z26: JORGE IVAN PEREZ GAITAN | AA26: CUL | AB26: CHRISTIAN CAMILO RODRIGUEZ SALAS | AE26: MAT | AF26: ELKIN DURAN MANCIPE | AG26: EMP | AH26: ALBERTO ANTONIO TAPIA TORRES | AK26: DER | AL26: MARIA CAROLINA GOMEZ CALLE | AW26: FIS | AX26: =IFERROR(VLOOKUP(A26,_p7_2025,2,FALSE),"") -> CAMILO ERNESTO CALDERON GALINDO | BA26: INV | BB26: =VLOOKUP(A26,_p8_2025,2,FALSE) -> CINDY YOHANA BOHORQUEZ GARZON | BU26: 12 | BV26: actual
A27: 2977230 | B27: TECNOLOGO | C27: 23 | D27: DESARROLLO DE MEDIOS GRAFICOS VISUALES | E27: 14/05/2024 | F27: =IF( OR(((ROUND((G27-E27)/30,0))=27),((ROUND((G27-E27)/30,0))=15)), EDATE(G27,-6), IF( (ROUND((G27-E27)/30,0))=12, EDATE(G27,-3), IF( (ROUND((G27-E27)/30,0))=9, EDATE(G27,0),"CALCULAR"))) -> 46066 | G27: 13/08/2026 | H27: LEYDY NAHIR FONSECA CARDENAS | I27: LEYDY NAHIR FONSECA CARDENAS | J27: GUSTAVO ADOLFO MORALES CAMARGO | M27: LEYDY NAHIR FONSECA CARDENAS | N27: DAVID BAUTISTA ROMERO | O27: DAVID BAUTISTA ROMERO | Q27: TIC MAT COM SST DER EMP INV FIS CUL ETI | R27: MAT TIC COM FIS SST INV CUL DER ETI EMP | S27: TIC | T27: CRISTINA CASTAÑO CASTILLO | U27: CUL | V27: YANIS ESTER PEREZ YEPES | W27: ETI | X27: IVAN DARIO RODRIGUEZ BUSTAMANTE | AA27: INV | AB27: CINDY YOHANA BOHORQUEZ GARZON | AC27: SST | AD27: DEISY JULIETH GARCIA CASTAÑEDA | AE27: MAT | AF27: JULIANA HERNANDEZ BARRERA | AG27: EMP | AH27: ALBERTO ANTONIO TAPIA TORRES | AK27: COM | AL27: CESAR AUGUSTO BERMEO | AO27: DER | AP27: HECTOR ANDRES CIPAMOCHA CENTENO | AW27: FIS | AX27: =IFERROR(VLOOKUP(A27,_p7_2025,2,FALSE),"") -> CAMILO ERNESTO CALDERON GALINDO | BU27: 12 | BV27: actual
A28: 2977457 | B28: TECNOLOGO | C28: 27 | D28: ANALISIS Y DESARROLLO DE SOFTWARE | E28: 14/05/2024 | F28: =IF( OR(((ROUND((G28-E28)/30,0))=27),((ROUND((G28-E28)/30,0))=15)), EDATE(G28,-6), IF( (ROUND((G28-E28)/30,0))=12, EDATE(G28,-3), IF( (ROUND((G28-E28)/30,0))=9, EDATE(G28,0),"CALCULAR"))) -> 46066 | G28: 13/08/2026 | H28: JHON MANUEL SOTO CALA | I28: JHON MANUEL SOTO CALA | J28: MARINELLA DIAZ ACOSTA | M28: EDUER PABON MORALES | N28: DAVID BAUTISTA ROMERO | O28: DAVID BAUTISTA ROMERO | Q28: MAT TIC COM INV FIS EMP ETI SST CUL DER | R28: MAT TIC COM FIS SST INV CUL DER ETI EMP | S28: ETI | T28: STEPHANIE DURAN BARRAGAN | U28: CUL | V28: MELISSA LAITON LAITON GARNICA | W28: EMP | X28: CLAUDIA ALICIA HERNANDEZ MESA | Y28: SST | Z28: LORENA SUAREZ CORREA | AA28: INV | AB28: FRANCI PAOLA LOZANO PIRAQUIVE | AC28: MAT | AD28: ELKIN DURAN MANCIPE | AE28: FIS | AF28: CAMILO ERNESTO CALDERON GALINDO | AG28: TIC | AH28: ANGELICA JANETH RODRIGUEZ ALONSO | AK28: DER | AL28: LAURA STHEPHANIA SANCHEZ PABON | AX28: =IFERROR(VLOOKUP(A28,_p7_2025,2,FALSE),"") | BA28: COM | BB28: =VLOOKUP(A28,_p8_2025,2,FALSE) -> JORGE ARMANDO PIEDRAHITA | BU28: 12 | BV28: actual
A29: 2977458 | B29: TECNOLOGO | C29: 36 | D29: ANALISIS Y DESARROLLO DE SOFTWARE | E29: 14/05/2024 | F29: =IF( OR(((ROUND((G29-E29)/30,0))=27),((ROUND((G29-E29)/30,0))=15)), EDATE(G29,-6), IF( (ROUND((G29-E29)/30,0))=12, EDATE(G29,-3), IF( (ROUND((G29-E29)/30,0))=9, EDATE(G29,0),"CALCULAR"))) -> 46066 | G29: 13/08/2026 | H29: ANA MILENA MOSQUERA SEVILLA | I29: ANA MILENA MOSQUERA SEVILLA | J29: MARINELLA DIAZ ACOSTA | M29: ANA MILENA MOSQUERA SEVILLA | N29: DAVID BAUTISTA ROMERO | O29: DAVID BAUTISTA ROMERO | Q29: MAT TIC COM INV FIS EMP ETI SST CUL DER | R29: MAT TIC COM FIS SST INV CUL DER ETI EMP | S29: ETI | T29: STEPHANIE DURAN BARRAGAN | U29: CUL | V29: MELISSA LAITON LAITON GARNICA | W29: EMP | X29: NUBIA STELLA CARRENO AMAYA | Y29: SST | Z29: LORENA SUAREZ CORREA | AA29: DER | AB29: HECTOR ANDRES CIPAMOCHA CENTENO | AC29: MAT | AD29: JULIANA HERNANDEZ BARRERA | AE29: TIC | AF29: CRISTINA CASTAÑO CASTILLO | AG29: FIS | AH29: CAMILO ERNESTO CALDERON GALINDO | AK29: COM | AL29: ALBA LUCIA BELTRAN | AS29: INV | AT29: CINDY YOHANA BOHORQUEZ GARZON | AX29: =IFERROR(VLOOKUP(A29,_p7_2025,2,FALSE),"") | BU29: 12 | BV29: actual
A30: 2977459 | B30: TECNOLOGO | C30: 35 | D30: ANALISIS Y DESARROLLO DE SOFTWARE | E30: 14/05/2024 | F30: =IF( OR(((ROUND((G30-E30)/30,0))=27),((ROUND((G30-E30)/30,0))=15)), EDATE(G30,-6), IF( (ROUND((G30-E30)/30,0))=12, EDATE(G30,-3), IF( (ROUND((G30-E30)/30,0))=9, EDATE(G30,0),"CALCULAR"))) -> 46066 | G30: 13/08/2026 | H30: ANA MILENA MOSQUERA SEVILLA | I30: ANA MILENA MOSQUERA SEVILLA | J30: MARINELLA DIAZ ACOSTA | M30: ANA MILENA MOSQUERA SEVILLA | N30: DAVID BAUTISTA ROMERO | O30: DAVID BAUTISTA ROMERO | Q30: MAT TIC COM INV FIS EMP ETI SST CUL DER | R30: MAT TIC COM FIS SST INV CUL DER ETI EMP | S30: ETI | T30: STEPHANIE DURAN BARRAGAN | U30: CUL | V30: YANIS ESTER PEREZ YEPES | W30: EMP | X30: ESTEFANIA SANDOVAL CRUZ | Y30: SST | Z30: LORENA SUAREZ CORREA | AA30: DER | AB30: HECTOR ANDRES CIPAMOCHA CENTENO | AC30: MAT | AD30: JULIANA HERNANDEZ BARRERA | AE30: TIC | AF30: ERICK RUIZ NOREÑA | AG30: FIS | AH30: CAMILO ERNESTO CALDERON GALINDO | AK30: COM | AL30: ALBA LUCIA BELTRAN | AS30: INV | AT30: CINDY YOHANA BOHORQUEZ GARZON | AX30: =IFERROR(VLOOKUP(A30,_p7_2025,2,FALSE),"") | BU30: 12 | BV30: actual
A31: 2977460 | B31: TECNOLOGO | C31: 37 | D31: ANALISIS Y DESARROLLO DE SOFTWARE | E31: 14/05/2024 | F31: =IF( OR(((ROUND((G31-E31)/30,0))=27),((ROUND((G31-E31)/30,0))=15)), EDATE(G31,-6), IF( (ROUND((G31-E31)/30,0))=12, EDATE(G31,-3), IF( (ROUND((G31-E31)/30,0))=9, EDATE(G31,0),"CALCULAR"))) -> 46066 | G31: 13/08/2026 | H31: ANA MILENA MOSQUERA SEVILLA | I31: ANA MILENA MOSQUERA SEVILLA | J31: MARINELLA DIAZ ACOSTA | M31: ANA MILENA MOSQUERA SEVILLA | N31: DAVID BAUTISTA ROMERO | O31: DAVID BAUTISTA ROMERO | Q31: MAT TIC COM INV FIS EMP ETI SST CUL DER | R31: MAT TIC COM FIS SST INV CUL DER ETI EMP | S31: ETI | T31: STEPHANIE DURAN BARRAGAN | U31: CUL | V31: MELISSA LAITON LAITON GARNICA | W31: EMP | X31: LUIS ARTURO BASTIDAS | AA31: SST | AB31: LORENA SUAREZ CORREA | AC31: MAT | AD31: ELKIN DURAN MANCIPE | AE31: TIC | AF31: ERICK RUIZ NOREÑA | AG31: INV | AH31: FRANCI PAOLA LOZANO PIRAQUIVE | AK31: DER | AL31: MARIA CAROLINA GOMEZ CALLE | AW31: FIS | AX31: =IFERROR(VLOOKUP(A31,_p7_2025,2,FALSE),"") -> CAMILO ERNESTO CALDERON GALINDO | BA31: COM | BB31: =VLOOKUP(A31,_p8_2025,2,FALSE) -> CESAR AUGUSTO BERMEO | BU31: 12 | BV31: actual
A32: 2977461 | B32: TECNOLOGO | C32: 38 | D32: ANALISIS Y DESARROLLO DE SOFTWARE | E32: 14/05/2024 | F32: =IF( OR(((ROUND((G32-E32)/30,0))=27),((ROUND((G32-E32)/30,0))=15)), EDATE(G32,-6), IF( (ROUND((G32-E32)/30,0))=12, EDATE(G32,-3), IF( (ROUND((G32-E32)/30,0))=9, EDATE(G32,0),"CALCULAR"))) -> 46066 | G32: 13/08/2026 | H32: ANA MILENA MOSQUERA SEVILLA | I32: ANA MILENA MOSQUERA SEVILLA | J32: MARINELLA DIAZ ACOSTA | M32: ANA MILENA MOSQUERA SEVILLA | N32: DAVID BAUTISTA ROMERO | O32: DAVID BAUTISTA ROMERO | Q32: MAT TIC COM INV FIS EMP ETI SST CUL DER | R32: MAT TIC COM FIS SST INV CUL DER ETI EMP | S32: ETI | T32: STEPHANIE DURAN BARRAGAN | U32: CUL | V32: CHRISTIAN CAMILO RODRIGUEZ SALAS | W32: EMP | X32: ESTEFANIA SANDOVAL CRUZ | Y32: SST | Z32: MARINELLA DIAZ ACOSTA | AA32: DER | AB32: MARIA CAROLINA GOMEZ CALLE | AC32: MAT | AD32: JULIANA HERNANDEZ BARRERA | AE32: TIC | AF32: ERICK RUIZ NOREÑA | AG32: INV | AH32: FRANCI PAOLA LOZANO PIRAQUIVE | AK32: COM | AL32: CESAR AUGUSTO BERMEO | AO32: FIS | AP32: CAMILO ERNESTO CALDERON GALINDO | AX32: =IFERROR(VLOOKUP(A32,_p7_2025,2,FALSE),"") | BU32: 12 | BV32: actual
A33: 2977462 | B33: TECNOLOGO | C33: 32 | D33: ANALISIS Y DESARROLLO DE SOFTWARE | E33: 14/05/2024 | F33: =IF( OR(((ROUND((G33-E33)/30,0))=27),((ROUND((G33-E33)/30,0))=15)), EDATE(G33,-6), IF( (ROUND((G33-E33)/30,0))=12, EDATE(G33,-3), IF( (ROUND((G33-E33)/30,0))=9, EDATE(G33,0),"CALCULAR"))) -> 46066 | G33: 13/08/2026 | H33: ELIZABETH GELVES GELVES | I33: ELIZABETH GELVES GELVES | J33: MARINELLA DIAZ ACOSTA | M33: ELIZABETH GELVES GELVES | N33: DAVID BAUTISTA ROMERO | O33: DAVID BAUTISTA ROMERO | Q33: MAT TIC COM INV FIS EMP ETI SST CUL DER | R33: MAT TIC COM FIS SST INV CUL DER ETI EMP | S33: ETI | T33: STEPHANIE DURAN BARRAGAN | U33: CUL | V33: YANIS ESTER PEREZ YEPES | W33: EMP | X33: CLAUDIA ALICIA HERNANDEZ MESA | Y33: SST | Z33: JORGE IVAN PEREZ GAITAN | AA33: COM | AB33: JORGE ARMANDO PIEDRAHITA CABRERA | AC33: MAT | AD33: JULIANA HERNANDEZ BARRERA | AE33: TIC | AF33: CRISTINA CASTAÑO CASTILLO | AG33: INV | AH33: CINDY YOHANA BOHORQUEZ GARZON | AO33: FIS | AP33: CAMILO ERNESTO CALDERON GALINDO | AW33: DER | AX33: =IFERROR(VLOOKUP(A33,_p7_2025,2,FALSE),"") -> HECTOR ANDRES CIPAMOCHA CENTENO | BU33: 12 | BV33: actual
A34: 2977463 | B34: TECNOLOGO | C34: 29 | D34: ANALISIS Y DESARROLLO DE SOFTWARE | E34: 14/05/2024 | F34: =IF( OR(((ROUND((G34-E34)/30,0))=27),((ROUND((G34-E34)/30,0))=15)), EDATE(G34,-6), IF( (ROUND((G34-E34)/30,0))=12, EDATE(G34,-3), IF( (ROUND((G34-E34)/30,0))=9, EDATE(G34,0),"CALCULAR"))) -> 46066 | G34: 13/08/2026 | H34: ELIZABETH GELVES GELVES | I34: ELIZABETH GELVES GELVES | J34: MARINELLA DIAZ ACOSTA | M34: ELIZABETH GELVES GELVES | N34: DAVID BAUTISTA ROMERO | O34: DAVID BAUTISTA ROMERO | Q34: MAT TIC COM INV FIS EMP ETI SST CUL DER | R34: MAT TIC COM FIS SST INV CUL DER ETI EMP | S34: ETI | T34: STEPHANIE DURAN BARRAGAN | U34: CUL | V34: CHRISTIAN CAMILO RODRIGUEZ SALAS | W34: EMP | X34: NUBIA STELLA CARRENO AMAYA | AA34: SST | AB34: JORGE IVAN PEREZ GAITAN | AC34: MAT | AD34: ELKIN DURAN MANCIPE | AE34: TIC | AF34: CRISTINA CASTAÑO CASTILLO | AG34: INV | AH34: FRANCI PAOLA LOZANO PIRAQUIVE | AK34: DER | AL34: MARIA CAROLINA GOMEZ CALLE | AW34: FIS | AX34: =IFERROR(VLOOKUP(A34,_p7_2025,2,FALSE),"") -> CAMILO ERNESTO CALDERON GALINDO | BA34: COM | BB34: =VLOOKUP(A34,_p8_2025,2,FALSE) -> JORGE ARMANDO PIEDRAHITA | BU34: 12 | BV34: actual
A35: 2977464 | B35: TECNOLOGO | C35: 23 | D35: ANALISIS Y DESARROLLO DE SOFTWARE | E35: 14/05/2024 | F35: =IF( OR(((ROUND((G35-E35)/30,0))=27),((ROUND((G35-E35)/30,0))=15)), EDATE(G35,-6), IF( (ROUND((G35-E35)/30,0))=12, EDATE(G35,-3), IF( (ROUND((G35-E35)/30,0))=9, EDATE(G35,0),"CALCULAR"))) -> 46066 | G35: 13/08/2026 | H35: ELIZABETH GELVES GELVES | I35: ELIZABETH GELVES GELVES | J35: MARINELLA DIAZ ACOSTA | M35: ELIZABETH GELVES GELVES | N35: DAVID BAUTISTA ROMERO | O35: DAVID BAUTISTA ROMERO | Q35: MAT TIC COM INV FIS EMP ETI SST CUL DER | R35: MAT TIC COM FIS SST INV CUL DER ETI EMP | S35: ETI | T35: STEPHANIE DURAN BARRAGAN | U35: CUL | V35: MELISSA LAITON LAITON GARNICA | W35: EMP | X35: NUBIA STELLA CARRENO AMAYA | Y35: SST | Z35: LORENA SUAREZ CORREA | AA35: MAT | AB35: ELKIN DURAN MANCIPE | AC35: TIC | AD35: ERICK RUIZ NOREÑA | AE35: COM | AF35: JORGE ARMANDO PIEDRAHITA CABRERA | AG35: INV | AH35: FRANCI PAOLA LOZANO PIRAQUIVE | AO35: FIS | AP35: CAMILO ERNESTO CALDERON GALINDO | AW35: DER | AX35: =IFERROR(VLOOKUP(A35,_p7_2025,2,FALSE),"") -> LAURA STHEPHANIA SANCHEZ PABON | BU35: 12 | BV35: actual
A36: 2977465 | B36: TECNOLOGO | C36: 25 | D36: ANALISIS Y DESARROLLO DE SOFTWARE | E36: 14/05/2024 | F36: =IF( OR(((ROUND((G36-E36)/30,0))=27),((ROUND((G36-E36)/30,0))=15)), EDATE(G36,-6), IF( (ROUND((G36-E36)/30,0))=12, EDATE(G36,-3), IF( (ROUND((G36-E36)/30,0))=9, EDATE(G36,0),"CALCULAR"))) -> 46066 | G36: 13/08/2026 | H36: ELIZABETH GELVES GELVES | I36: ELIZABETH GELVES GELVES | J36: LUIS ARTURO BASTIDAS | M36: ELIZABETH GELVES GELVES | N36: DAVID BAUTISTA ROMERO | O36: DAVID BAUTISTA ROMERO | Q36: MAT TIC COM INV FIS EMP ETI SST CUL DER | R36: MAT TIC COM FIS SST INV CUL DER ETI EMP | S36: ETI | T36: STEPHANIE DURAN BARRAGAN | U36: CUL | V36: MELISSA LAITON LAITON GARNICA | W36: EMP | X36: ESTEFANIA SANDOVAL CRUZ | Y36: SST | Z36: MARINELLA DIAZ ACOSTA | AA36: MAT | AB36: JULIANA HERNANDEZ BARRERA | AC36: TIC | AD36: CRISTINA CASTAÑO CASTILLO | AE36: COM | AF36: JORGE ARMANDO PIEDRAHITA CABRERA | AG36: INV | AH36: CINDY YOHANA BOHORQUEZ GARZON | AK36: FIS | AL36: CAMILO ERNESTO CALDERON GALINDO | AO36: DER | AP36: HECTOR ANDRES CIPAMOCHA CENTENO | AX36: =IFERROR(VLOOKUP(A36,_p7_2025,2,FALSE),"") | BU36: 12 | BV36: actual
A37: 2977466 | B37: TECNOLOGO | C37: 29 | D37: ANALISIS Y DESARROLLO DE SOFTWARE | E37: 14/05/2024 | F37: =IF( OR(((ROUND((G37-E37)/30,0))=27),((ROUND((G37-E37)/30,0))=15)), EDATE(G37,-6), IF( (ROUND((G37-E37)/30,0))=12, EDATE(G37,-3), IF( (ROUND((G37-E37)/30,0))=9, EDATE(G37,0),"CALCULAR"))) -> 46066 | G37: 13/08/2026 | H37: ANDRES RUBIANO CUCARIAN | I37: ANDRES RUBIANO CUCARIAN | J37: LUIS ARTURO BASTIDAS | L37: ANDRES RUBIANO CUCARIAN | M37: JUAN CARLOS GUERRERO MALDONADO | N37: DAVID BAUTISTA ROMERO | O37: DAVID BAUTISTA ROMERO | Q37: MAT TIC COM INV FIS EMP ETI SST CUL DER | R37: MAT TIC COM FIS SST INV CUL DER ETI EMP | S37: ETI | T37: NELLYS JANETH BLANCO RODRIGUEZ | U37: CUL | V37: CHRISTIAN CAMILO RODRIGUEZ SALAS | W37: EMP | X37: ESTEFANIA SANDOVAL CRUZ | Y37: SST | Z37: JORGE IVAN PEREZ GAITAN | AA37: MAT | AB37: JULIANA HERNANDEZ BARRERA | AC37: TIC | AD37: ERICK RUIZ NOREÑA | AE37: COM | AF37: CESAR AUGUSTO BERMEO | AG37: INV | AH37: FRANCI PAOLA LOZANO PIRAQUIVE | AK37: FIS | AL37: CAMILO ERNESTO CALDERON GALINDO | AO37: DER | AP37: HECTOR ANDRES CIPAMOCHA CENTENO | AX37: =IFERROR(VLOOKUP(A37,_p7_2025,2,FALSE),"") | BU37: 12 | BV37: actual
A38: 2977467 | B38: TECNOLOGO | C38: 27 | D38: ANALISIS Y DESARROLLO DE SOFTWARE | E38: 14/05/2024 | F38: =IF( OR(((ROUND((G38-E38)/30,0))=27),((ROUND((G38-E38)/30,0))=15)), EDATE(G38,-6), IF( (ROUND((G38-E38)/30,0))=12, EDATE(G38,-3), IF( (ROUND((G38-E38)/30,0))=9, EDATE(G38,0),"CALCULAR"))) -> 46066 | G38: 13/08/2026 | H38: ANDRES RUBIANO CUCARIAN | I38: ANDRES RUBIANO CUCARIAN | J38: LUIS ARTURO BASTIDAS | L38: ANDRES RUBIANO CUCARIAN | M38: JUAN CARLOS GUERRERO MALDONADO | N38: DAVID BAUTISTA ROMERO | O38: DAVID BAUTISTA ROMERO | Q38: MAT TIC COM INV FIS EMP ETI SST CUL DER | R38: MAT TIC COM FIS SST INV CUL DER ETI EMP | S38: ETI | T38: NELLYS JANETH BLANCO RODRIGUEZ | U38: CUL | V38: YANIS ESTER PEREZ YEPES | W38: EMP | X38: JOHN FRANZ RINCON PENA | Y38: SST | Z38: MARINELLA DIAZ ACOSTA | AA38: MAT | AB38: CINDY CRISTINA CEBALLOS MALDONADO | AC38: TIC | AD38: ERICK RUIZ NOREÑA | AE38: COM | AF38: CESAR AUGUSTO BERMEO | AG38: INV | AH38: CINDY YOHANA BOHORQUEZ GARZON | AK38: FIS | AL38: CAMILO ERNESTO CALDERON GALINDO | AO38: DER | AP38: MARIA CAROLINA GOMEZ CALLE | AX38: =IFERROR(VLOOKUP(A38,_p7_2025,2,FALSE),"") | BU38: 12 | BV38: actual
A39: 2977468 | B39: TECNOLOGO | C39: 28 | D39: ANALISIS Y DESARROLLO DE SOFTWARE | E39: 14/05/2024 | F39: =IF( OR(((ROUND((G39-E39)/30,0))=27),((ROUND((G39-E39)/30,0))=15)), EDATE(G39,-6), IF( (ROUND((G39-E39)/30,0))=12, EDATE(G39,-3), IF( (ROUND((G39-E39)/30,0))=9, EDATE(G39,0),"CALCULAR"))) -> 46066 | G39: 13/08/2026 | H39: ANDRES RUBIANO CUCARIAN | I39: ANDRES RUBIANO CUCARIAN | J39: LUIS ARTURO BASTIDAS | L39: ANDRES RUBIANO CUCARIAN | M39: JUAN CARLOS GUERRERO MALDONADO | N39: JOHAN ENRIQUE ORTEGA AMADO/WILSON QUINTERO ARDILA (TERMINO) | Q39: MAT TIC COM INV FIS EMP ETI SST CUL DER | R39: MAT TIC COM FIS SST INV CUL DER ETI EMP | S39: ETI | T39: NELLYS JANETH BLANCO RODRIGUEZ | U39: COM | V39: CATHERINE LOZADA OTALORA | W39: MAT | X39: JULIANA HERNANDEZ BARRERA | Y39: TIC | Z39: CRISTINA CASTAÑO CASTILLO | AA39: INV | AB39: DIANA MARCELA FIGUEROA FONSECA | AC39: FIS | AD39: CAMILO ERNESTO CALDERON GALINDO | AE39: EMP | AF39: ESTEFANIA SANDOVAL CRUZ | AG39: SST | AH39: JORGE IVAN PEREZ GAITAN | AK39: CUL | AL39: CHRISTIAN CAMILO RODRIGUEZ SALAS | AO39: DER | AP39: MARIA CAROLINA GOMEZ CALLE | AX39: =IFERROR(VLOOKUP(A39,_p7_2025,2,FALSE),"") | BV39: Terminó
A40: 2977469 | B40: TECNOLOGO | C40: 40 | D40: ANALISIS Y DESARROLLO DE SOFTWARE | E40: 14/05/2024 | F40: =IF( OR(((ROUND((G40-E40)/30,0))=27),((ROUND((G40-E40)/30,0))=15)), EDATE(G40,-6), IF( (ROUND((G40-E40)/30,0))=12, EDATE(G40,-3), IF( (ROUND((G40-E40)/30,0))=9, EDATE(G40,0),"CALCULAR"))) -> 46066 | G40: 13/08/2026 | H40: ANA MILENA MOSQUERA SEVILLA | I40: ANA MILENA MOSQUERA SEVILLA | J40: LUIS ARTURO BASTIDAS | M40: ANA MILENA MOSQUERA SEVILLA | N40: JOHAN ENRIQUE ORTEGA AMADO/WILSON QUINTERO ARDILA (TERMINO) | Q40: MAT TIC COM INV FIS EMP ETI SST CUL DER | R40: MAT TIC COM FIS SST INV CUL DER ETI EMP | S40: ETI | T40: NELLYS JANETH BLANCO RODRIGUEZ | U40: DER | V40: LIDA ROCIO ROA MONSALVE | W40: MAT | X40: ELKIN DURAN MANCIPE | Y40: TIC | Z40: CRISTINA CASTAÑO CASTILLO | AA40: EMP | AB40: JOHN FRANZ RINCON PENA | AC40: COM | AD40: JORGE ARMANDO PIEDRAHITA CABRERA | AE40: INV | AF40: CINDY YOHANA BOHORQUEZ GARZON | AG40: FIS | AH40: CAMILO ERNESTO CALDERON GALINDO | AK40: SST | AL40: JORGE IVAN PEREZ GAITAN | AW40: CUL | AX40: =IFERROR(VLOOKUP(A40,_p7_2025,2,FALSE),"") -> CHRISTIAN CAMILO RODRIGUEZ SALAS | BV40: Terminó
A41: 2977470 | B41: TECNOLOGO | C41: 26 | D41: ANALISIS Y DESARROLLO DE SOFTWARE | E41: 14/05/2024 | F41: =IF( OR(((ROUND((G41-E41)/30,0))=27),((ROUND((G41-E41)/30,0))=15)), EDATE(G41,-6), IF( (ROUND((G41-E41)/30,0))=12, EDATE(G41,-3), IF( (ROUND((G41-E41)/30,0))=9, EDATE(G41,0),"CALCULAR"))) -> 46066 | G41: 13/08/2026 | H41: VICTOR ERNESTO BADILLO CAMARGO | I41: VICTOR ERNESTO BADILLO CAMARGO | J41: LUIS ARTURO BASTIDAS | M41: GUSTAVO ADOLFO CHACON | N41: JOHAN ENRIQUE ORTEGA AMADO/WILSON QUINTERO ARDILA (TERMINO) | Q41: MAT TIC COM INV FIS EMP ETI SST CUL DER | R41: MAT TIC COM FIS SST INV CUL DER ETI EMP | S41: ETI | T41: NELLYS JANETH BLANCO RODRIGUEZ | U41: DER | V41: HECTOR ANDRES CIPAMOCHA CENTENO | W41: MAT | X41: JULIANA HERNANDEZ BARRERA | Y41: TIC | Z41: VICTOR ERNESTO BADILLO CAMARGO | AA41: EMP | AB41: JOHN FRANZ RINCON PENA | AC41: COM | AD41: JORGE ARMANDO PIEDRAHITA CABRERA | AE41: INV | AF41: CINDY YOHANA BOHORQUEZ GARZON | AG41: FIS | AH41: CAMILO ERNESTO CALDERON GALINDO | AK41: SST | AL41: MARINELLA DIAZ ACOSTA | AW41: CUL | AX41: =IFERROR(VLOOKUP(A41,_p7_2025,2,FALSE),"") -> MELISSA ANDREA LAITON GARNICA | BV41: Terminó
A42: 2977471 | B42: TECNOLOGO | C42: 28 | D42: ANALISIS Y DESARROLLO DE SOFTWARE | E42: 14/05/2024 | F42: =IF( OR(((ROUND((G42-E42)/30,0))=27),((ROUND((G42-E42)/30,0))=15)), EDATE(G42,-6), IF( (ROUND((G42-E42)/30,0))=12, EDATE(G42,-3), IF( (ROUND((G42-E42)/30,0))=9, EDATE(G42,0),"CALCULAR"))) -> 46066 | G42: 13/08/2026 | H42: VICTOR ERNESTO BADILLO CAMARGO | I42: VICTOR ERNESTO BADILLO CAMARGO | J42: LUIS ARTURO BASTIDAS | M42: GUSTAVO ADOLFO CHACON | N42: JOHAN ENRIQUE ORTEGA AMADO/WILSON QUINTERO ARDILA (TERMINO) | Q42: MAT TIC COM INV FIS EMP ETI SST CUL DER | R42: MAT TIC COM FIS SST INV CUL DER ETI EMP | S42: ETI | T42: NELLYS JANETH BLANCO RODRIGUEZ | U42: DER | V42: HECTOR ANDRES CIPAMOCHA CENTENO | W42: CUL | X42: CHRISTIAN CAMILO RODRIGUEZ SALAS | Y42: INV | Z42: FRANCI PAOLA LOZANO PIRAQUIVE | AA42: MAT | AB42: CINDY CRISTINA CEBALLOS MALDONADO | AC42: TIC | AD42: CRISTINA CASTAÑO CASTILLO | AE42: COM | AF42: JORGE ARMANDO PIEDRAHITA CABRERA | AG42: EMP | AH42: LUIS ARTURO BASTIDAS | AK42: FIS | AL42: CAMILO ERNESTO CALDERON GALINDO | AO42: SST | AP42: MARINELLA DIAZ ACOSTA | AX42: =IFERROR(VLOOKUP(A42,_p7_2025,2,FALSE),"") | BV42: Terminó
A43: 2977472 | B43: TECNOLOGO | C43: 33 | D43: ANALISIS Y DESARROLLO DE SOFTWARE | E43: 14/05/2024 | F43: =IF( OR(((ROUND((G43-E43)/30,0))=27),((ROUND((G43-E43)/30,0))=15)), EDATE(G43,-6), IF( (ROUND((G43-E43)/30,0))=12, EDATE(G43,-3), IF( (ROUND((G43-E43)/30,0))=9, EDATE(G43,0),"CALCULAR"))) -> 46066 | G43: 13/08/2026 | H43: VICTOR ERNESTO BADILLO CAMARGO | I43: VICTOR ERNESTO BADILLO CAMARGO | J43: LUIS ARTURO BASTIDAS | M43: GUSTAVO ADOLFO CHACON | N43: JOHAN ENRIQUE ORTEGA AMADO/WILSON QUINTERO ARDILA (TERMINO) | Q43: MAT TIC COM INV FIS EMP ETI SST CUL DER | R43: MAT TIC COM FIS SST INV CUL DER ETI EMP | S43: ETI | T43: NELLYS JANETH BLANCO RODRIGUEZ | U43: DER | V43: LIDA ROCIO ROA MONSALVE | W43: MAT | X43: CINDY CRISTINA CEBALLOS MALDONADO | Y43: TIC | Z43: VICTOR ERNESTO BADILLO CAMARGO | AA43: EMP | AB43: ESTEFANIA SANDOVAL CRUZ | AC43: COM | AD43: JORGE ARMANDO PIEDRAHITA CABRERA | AE43: INV | AF43: CINDY YOHANA BOHORQUEZ GARZON | AG43: FIS | AH43: CAMILO ERNESTO CALDERON GALINDO | AK43: SST | AL43: JORGE IVAN PEREZ GAITAN | AO43: CUL | AP43: MELISSA ANDREA LAITON GARNICA | AX43: =IFERROR(VLOOKUP(A43,_p7_2025,2,FALSE),"") | BV43: Terminó
A44: 2977473 | B44: TECNOLOGO | C44: 27 | D44: ANALISIS Y DESARROLLO DE SOFTWARE | E44: 14/05/2024 | F44: =IF( OR(((ROUND((G44-E44)/30,0))=27),((ROUND((G44-E44)/30,0))=15)), EDATE(G44,-6), IF( (ROUND((G44-E44)/30,0))=12, EDATE(G44,-3), IF( (ROUND((G44-E44)/30,0))=9, EDATE(G44,0),"CALCULAR"))) -> 46066 | G44: 13/08/2026 | H44: VICTOR ERNESTO BADILLO CAMARGO | I44: VICTOR ERNESTO BADILLO CAMARGO | J44: LUIS ARTURO BASTIDAS | M44: GUSTAVO ADOLFO CHACON | N44: JOHAN ENRIQUE ORTEGA AMADO/WILSON QUINTERO ARDILA (TERMINO) | Q44: MAT TIC COM INV FIS EMP ETI SST CUL DER | R44: MAT TIC COM FIS SST INV CUL DER ETI EMP | S44: ETI | T44: NELLYS JANETH BLANCO RODRIGUEZ | U44: DER | V44: HECTOR ANDRES CIPAMOCHA CENTENO | W44: MAT | X44: ELKIN DURAN MANCIPE | Y44: TIC | Z44: VICTOR ERNESTO BADILLO CAMARGO | AA44: EMP | AB44: ESTEFANIA SANDOVAL CRUZ | AE44: COM | AF44: CESAR AUGUSTO BERMEO | AG44: INV | AH44: CINDY YOHANA BOHORQUEZ GARZON | AK44: FIS | AL44: CAMILO ERNESTO CALDERON GALINDO | AO44: SST | AP44: JORGE IVAN PEREZ GAITAN | AW44: CUL | AX44: =IFERROR(VLOOKUP(A44,_p7_2025,2,FALSE),"") -> CHRISTIAN CAMILO RODRIGUEZ SALAS | BV44: Terminó
A45: 2977634 | B45: TECNOLOGO | C45: 23 | D45: DESARROLLO PUBLICITARIO | E45: 14/05/2024 | F45: =IF( OR(((ROUND((G45-E45)/30,0))=27),((ROUND((G45-E45)/30,0))=15)), EDATE(G45,-6), IF( (ROUND((G45-E45)/30,0))=12, EDATE(G45,-3), IF( (ROUND((G45-E45)/30,0))=9, EDATE(G45,0),"CALCULAR"))) -> 46066 | G45: 13/08/2026 | H45: VIVIANA MARCELA AGUDELO GARCIA | I45: VIVIANA MARCELA AGUDELO GARCIA | J45: GUSTAVO ADOLFO MORALES CAMARGO | M45: VIVIANA MARCELA AGUDELO GARCIA | N45: JOHAN ENRIQUE ORTEGA AMADO/WILSON QUINTERO ARDILA (TERMINO) | Q45: TIC ETI COM EMP INV MAT SST CUL CIE DER | R45: MAT TIC COM CIE SST INV CUL DER ETI EMP | S45: COM | T45: CATHERINE LOZADA OTALORA | U45: EMP | V45: JOHN FRANZ RINCON PENA | W45: CUL | X45: CHRISTIAN CAMILO RODRIGUEZ SALAS | Y45: ETI | Z45: LISET NUNEZ RODRIGUEZ | AA45: CIE | AB45: LAURA SOFIA PAEZ GALLO | AC45: TIC | AD45: CRISTINA CASTAÑO CASTILLO | AE45: INV | AF45: CINDY YOHANA BOHORQUEZ GARZON | AG45: MAT | AH45: ELKIN DURAN MANCIPE | AK45: SST | AL45: MARINELLA DIAZ ACOSTA | AO45: DER | AP45: HECTOR ANDRES CIPAMOCHA CENTENO | AX45: =IFERROR(VLOOKUP(A45,_p7_2025,2,FALSE),"") | BV45: Terminó
A46: 2977635 | B46: TECNOLOGO | C46: 31 | D46: DESARROLLO PUBLICITARIO | E46: 14/05/2024 | F46: =IF( OR(((ROUND((G46-E46)/30,0))=27),((ROUND((G46-E46)/30,0))=15)), EDATE(G46,-6), IF( (ROUND((G46-E46)/30,0))=12, EDATE(G46,-3), IF( (ROUND((G46-E46)/30,0))=9, EDATE(G46,0),"CALCULAR"))) -> 46066 | G46: 13/08/2026 | H46: VIVIANA MARCELA AGUDELO GARCIA | I46: VIVIANA MARCELA AGUDELO GARCIA | J46: GUSTAVO ADOLFO MORALES CAMARGO | M46: VIVIANA MARCELA AGUDELO GARCIA | N46: JOHAN ENRIQUE ORTEGA AMADO/WILSON QUINTERO ARDILA (TERMINO) | Q46: TIC ETI COM EMP INV MAT SST CUL CIE DER | R46: MAT TIC COM CIE SST INV CUL DER ETI EMP | S46: COM | T46: JORGE ARMANDO PIEDRAHITA CABRERA | U46: EMP | V46: ESTEFANIA SANDOVAL CRUZ | W46: CUL | X46: YANIS ESTER PEREZ YEPES | Y46: ETI | Z46: NELLYS JANETH BLANCO RODRIGUEZ | AA46: CIE | AB46: LAURA SOFIA PAEZ GALLO | AC46: TIC | AD46: ERICK RUIZ NOREÑA | AE46: INV | AF46: CINDY YOHANA BOHORQUEZ GARZON | AG46: MAT | AH46: WILDER JULIAN ARIAS HERNANDEZ | AK46: SST | AL46: JORGE IVAN PEREZ GAITAN | AO46: DER | AP46: LAURA STHEPHANIA SANCHEZ PABON | AX46: =IFERROR(VLOOKUP(A46,_p7_2025,2,FALSE),"") | BV46: Terminó
A47: 2977636 | B47: TECNOLOGO | C47: 22 | D47: DESARROLLO PUBLICITARIO | E47: 14/05/2024 | F47: =IF( OR(((ROUND((G47-E47)/30,0))=27),((ROUND((G47-E47)/30,0))=15)), EDATE(G47,-6), IF( (ROUND((G47-E47)/30,0))=12, EDATE(G47,-3), IF( (ROUND((G47-E47)/30,0))=9, EDATE(G47,0),"CALCULAR"))) -> 46066 | G47: 13/08/2026 | H47: VIVIANA MARCELA AGUDELO GARCIA | I47: VIVIANA MARCELA AGUDELO GARCIA | J47: GUSTAVO ADOLFO MORALES CAMARGO | M47: VIVIANA MARCELA AGUDELO GARCIA | N47: JOHAN ENRIQUE ORTEGA AMADO/WILSON QUINTERO ARDILA (TERMINO) | Q47: TIC ETI COM EMP INV MAT SST CUL CIE DER | R47: MAT TIC COM CIE SST INV CUL DER ETI EMP | S47: MAT | T47: JULIANA HERNANDEZ BARRERA | U47: EMP | V47: ESTEFANIA SANDOVAL CRUZ | W47: ETI | X47: STEPHANIE DURAN BARRAGAN | Y47: TIC | Z47: CRISTINA CASTAÑO CASTILLO | AA47: CIE | AB47: JONATAN LOPEZ CASTILLO | AC47: CUL | AD47: CHRISTIAN CAMILO RODRIGUEZ SALAS | AE47: SST | AF47: DEISY JULIETH GARCIA CASTAÑEDA | AG47: COM | AH47: JORGE ARMANDO PIEDRAHITA CABRERA | AO47: DER | AP47: MARIA CAROLINA GOMEZ CALLE | AS47: INV | AT47: CINDY YOHANA BOHORQUEZ GARZON | AX47: =IFERROR(VLOOKUP(A47,_p7_2025,2,FALSE),"") | BV47: Terminó
A48: 2977637 | B48: TECNOLOGO | C48: 25 | D48: DESARROLLO PUBLICITARIO | E48: 14/05/2024 | F48: =IF( OR(((ROUND((G48-E48)/30,0))=27),((ROUND((G48-E48)/30,0))=15)), EDATE(G48,-6), IF( (ROUND((G48-E48)/30,0))=12, EDATE(G48,-3), IF( (ROUND((G48-E48)/30,0))=9, EDATE(G48,0),"CALCULAR"))) -> 46066 | G48: 13/08/2026 | H48: VIVIANA MARCELA AGUDELO GARCIA | I48: VIVIANA MARCELA AGUDELO GARCIA | J48: GUSTAVO ADOLFO MORALES CAMARGO | M48: VIVIANA MARCELA AGUDELO GARCIA | N48: JOHAN ENRIQUE ORTEGA AMADO/WILSON QUINTERO ARDILA (TERMINO) | Q48: TIC ETI COM EMP INV MAT SST CUL CIE DER | R48: MAT TIC COM CIE SST INV CUL DER ETI EMP | S48: MAT | T48: CINDY CRISTINA CEBALLOS MALDONADO | U48: EMP | V48: ESTEFANIA SANDOVAL CRUZ | W48: TIC | X48: CRISTINA CASTAÑO CASTILLO | Y48: ETI | Z48: STEPHANIE DURAN BARRAGAN | AA48: CIE | AB48: LAURA SOFIA PAEZ GALLO | AC48: CUL | AD48: CHRISTIAN CAMILO RODRIGUEZ SALAS | AE48: SST | AF48: MARINELLA DIAZ ACOSTA | AG48: COM | AH48: CESAR AUGUSTO BERMEO | AO48: DER | AP48: MARIA CAROLINA GOMEZ CALLE | AS48: INV | AT48: CINDY YOHANA BOHORQUEZ GARZON | AX48: =IFERROR(VLOOKUP(A48,_p7_2025,2,FALSE),"") | BV48: Terminó
A49: 2977740 | B49: TECNOLOGO | C49: 33 | D49: COORDINACION DE PROCESOS LOGISTICOS | E49: 14/05/2024 | F49: =IF( OR(((ROUND((G49-E49)/30,0))=27),((ROUND((G49-E49)/30,0))=15)), EDATE(G49,-6), IF( (ROUND((G49-E49)/30,0))=12, EDATE(G49,-3), IF( (ROUND((G49-E49)/30,0))=9, EDATE(G49,0),"CALCULAR"))) -> 46066 | G49: 13/08/2026 | H49: SERGIO LIBARDO MOLINA CADENA | I49: SERGIO LIBARDO MOLINA CADENA | J49: NELSON ALFREDO VARGAS MORA | M49: JUAN CAMILO BOHORQUEZ RODRIGUEZ | N49: JOHAN ENRIQUE ORTEGA AMADO/WILSON QUINTERO ARDILA (TERMINO) | Q49: COM TIC MAT INV CIE SST DER EMP CUL ETI | R49: MAT TIC COM CIE SST INV CUL DER ETI EMP | S49: EMP | T49: ESTEFANIA SANDOVAL CRUZ | U49: MAT | V49: ELKIN DURAN MANCIPE | W49: CUL | X49: MELISSA LAITON LAITON GARNICA | Y49: ETI | Z49: IVAN DARIO RODRIGUEZ BUSTAMANTE | AA49: COM | AB49: JORGE ARMANDO PIEDRAHITA CABRERA | AC49: TIC | AD49: ERICK RUIZ NOREÑA | AE49: INV | AF49: CINDY YOHANA BOHORQUEZ GARZON | AK49: SST | AL49: JORGE IVAN PEREZ GAITAN | AO49: CIE | AP49: LAURA SOFIA PAEZ GALLO | AS49: DER | AT49: LAURA STHEPHANIA SANCHEZ PABON | AX49: =IFERROR(VLOOKUP(A49,_p7_2025,2,FALSE),"") | BV49: Terminó
A50: 2977741 | B50: TECNOLOGO | C50: 31 | D50: COORDINACION DE PROCESOS LOGISTICOS | E50: 14/05/2024 | F50: =IF( OR(((ROUND((G50-E50)/30,0))=27),((ROUND((G50-E50)/30,0))=15)), EDATE(G50,-6), IF( (ROUND((G50-E50)/30,0))=12, EDATE(G50,-3), IF( (ROUND((G50-E50)/30,0))=9, EDATE(G50,0),"CALCULAR"))) -> 46066 | G50: 13/08/2026 | H50: SERGIO LIBARDO MOLINA CADENA | I50: SERGIO LIBARDO MOLINA CADENA | J50: NELSON ALFREDO VARGAS MORA | M50: JUAN CAMILO BOHORQUEZ RODRIGUEZ | N50: JOHAN ENRIQUE ORTEGA AMADO/WILSON QUINTERO ARDILA (TERMINO) | Q50: COM TIC MAT INV CIE SST DER EMP CUL ETI | R50: MAT TIC COM CIE SST INV CUL DER ETI EMP | S50: EMP | T50: JOHN FRANZ RINCON PENA | U50: MAT | V50: JULIANA HERNANDEZ BARRERA | W50: ETI | X50: STEPHANIE DURAN BARRAGAN | Y50: DER | Z50: LIDA ROCIO ROA MONSALVE | AA50: CUL | AB50: MELISSA LAITON LAITON GARNICA | AC50: COM | AD50: JORGE ARMANDO PIEDRAHITA CABRERA | AE50: TIC | AF50: ERICK RUIZ NOREÑA | AG50: INV | AH50: FRANCI PAOLA LOZANO PIRAQUIVE | AO50: SST | AP50: DEISY JULIETH GARCIA CASTAÑEDA | AW50: CIE | AX50: =IFERROR(VLOOKUP(A50,_p7_2025,2,FALSE),"") -> LAURA SOFIA PAEZ GALLO | BV50: Terminó
A51: 2977742 | B51: TECNOLOGO | C51: 39 | D51: COORDINACION DE PROCESOS LOGISTICOS | E51: 14/05/2024 | F51: =IF( OR(((ROUND((G51-E51)/30,0))=27),((ROUND((G51-E51)/30,0))=15)), EDATE(G51,-6), IF( (ROUND((G51-E51)/30,0))=12, EDATE(G51,-3), IF( (ROUND((G51-E51)/30,0))=9, EDATE(G51,0),"CALCULAR"))) -> 46066 | G51: 13/08/2026 | H51: SERGIO LIBARDO MOLINA CADENA | I51: SERGIO LIBARDO MOLINA CADENA | J51: NELSON ALFREDO VARGAS MORA | M51: JUAN CAMILO BOHORQUEZ RODRIGUEZ | N51: JOHAN ENRIQUE ORTEGA AMADO/WILSON QUINTERO ARDILA (TERMINO) | Q51: COM TIC MAT INV CIE SST DER EMP CUL ETI | R51: MAT TIC COM CIE SST INV CUL DER ETI EMP | S51: EMP | T51: JOHN FRANZ RINCON PENA | U51: MAT | V51: ELKIN DURAN MANCIPE | W51: ETI | X51: STEPHANIE DURAN BARRAGAN | Y51: DER | Z51: MARIA CAROLINA GOMEZ CALLE | AA51: CUL | AB51: YANIS ESTER PEREZ YEPES | AE51: CIE | AF51: LAURA SOFIA PAEZ GALLO | AG51: TIC | AH51: SONIA PATRICIA CASTAÑEDA CAYCEDO | AK51: COM | AL51: CESAR AUGUSTO BERMEO | AW51: SST | AX51: =IFERROR(VLOOKUP(A51,_p7_2025,2,FALSE),"") -> JORGE IVAN PEREZ GAITAN | BA51: INV | BB51: =VLOOKUP(A51,_p8_2025,2,FALSE) -> CINDY YOHANA BOHORQUEZ GARZON | BV51: Terminó
A52: 2977743 | B52: TECNOLOGO | C52: 33 | D52: COORDINACION DE PROCESOS LOGISTICOS | E52: 14/05/2024 | F52: =IF( OR(((ROUND((G52-E52)/30,0))=27),((ROUND((G52-E52)/30,0))=15)), EDATE(G52,-6), IF( (ROUND((G52-E52)/30,0))=12, EDATE(G52,-3), IF( (ROUND((G52-E52)/30,0))=9, EDATE(G52,0),"CALCULAR"))) -> 46066 | G52: 13/08/2026 | H52: SERGIO LIBARDO MOLINA CADENA | I52: SERGIO LIBARDO MOLINA CADENA | J52: NELSON ALFREDO VARGAS MORA | M52: JUAN CAMILO BOHORQUEZ RODRIGUEZ | N52: WILSON QUINTERO ARDILA | O52: DAVID BAUTISTA ROMERO | Q52: COM TIC MAT INV CIE SST DER EMP CUL ETI | R52: MAT TIC COM CIE SST INV CUL DER ETI EMP | S52: EMP | T52: JOHN FRANZ RINCON PENA | U52: INV | V52: FRANCI PAOLA LOZANO PIRAQUIVE | W52: ETI | X52: LISET NUNEZ RODRIGUEZ | Y52: DER | Z52: MARIA CAROLINA GOMEZ CALLE | AA52: CUL | AB52: MELISSA LAITON LAITON GARNICA | AE52: CIE | AF52: LAURA SOFIA PAEZ GALLO | AG52: MAT | AH52: ELKIN DURAN MANCIPE | AK52: COM | AL52: JORGE ARMANDO PIEDRAHITA CABRERA | AW52: TIC | AX52: =IFERROR(VLOOKUP(A52,_p7_2025,2,FALSE),"") -> SONIA PATRICIA CASTAÑEDA CAYCEDO | BA52: SST | BB52: =VLOOKUP(A52,_p8_2025,2,FALSE) -> JORGE IVAN PEREZ GAITAN | BU52: 10 | BV52: actual
A53: 2977744 | B53: TECNOLOGO | C53: 36 | D53: COORDINACION DE PROCESOS LOGISTICOS | E53: 14/05/2024 | F53: =IF( OR(((ROUND((G53-E53)/30,0))=27),((ROUND((G53-E53)/30,0))=15)), EDATE(G53,-6), IF( (ROUND((G53-E53)/30,0))=12, EDATE(G53,-3), IF( (ROUND((G53-E53)/30,0))=9, EDATE(G53,0),"CALCULAR"))) -> 46066 | G53: 13/08/2026 | H53: SERGIO LIBARDO MOLINA CADENA | I53: SERGIO LIBARDO MOLINA CADENA | J53: NELSON ALFREDO VARGAS MORA | M53: JUAN CAMILO BOHORQUEZ RODRIGUEZ | N53: JORGE ANDRES BERNAL | O53: DAVID BAUTISTA ROMERO | Q53: COM TIC MAT INV CIE SST DER EMP CUL ETI | R53: MAT TIC COM CIE SST INV CUL DER ETI EMP | S53: EMP | T53: LUIS ARTURO BASTIDAS | U53: INV | V53: CINDY YOHANA BOHORQUEZ GARZON | W53: ETI | X53: CLAUDIA YAMILE MORALES CASTRO | Y53: DER | Z53: MARIA CAROLINA GOMEZ CALLE | AA53: CUL | AB53: YANIS ESTER PEREZ YEPES | AE53: CIE | AF53: LAURA SOFIA PAEZ GALLO | AG53: MAT | AH53: WILDER JULIAN ARIAS HERNANDEZ | AK53: COM | AL53: CESAR AUGUSTO BERMEO | AW53: TIC | AX53: =IFERROR(VLOOKUP(A53,_p7_2025,2,FALSE),"") -> SONIA PATRICIA CASTAÑEDA CAYCEDO | BA53: SST | BB53: =VLOOKUP(A53,_p8_2025,2,FALSE) -> DEISY JULIETH GARCIA CASTAÑEDA | BU53: 10 | BV53: actual
A54: 2977745 | B54: TECNOLOGO | C54: 36 | D54: COORDINACION DE PROCESOS LOGISTICOS | E54: 14/05/2024 | F54: =IF( OR(((ROUND((G54-E54)/30,0))=27),((ROUND((G54-E54)/30,0))=15)), EDATE(G54,-6), IF( (ROUND((G54-E54)/30,0))=12, EDATE(G54,-3), IF( (ROUND((G54-E54)/30,0))=9, EDATE(G54,0),"CALCULAR"))) -> 46066 | G54: 13/08/2026 | H54: SERGIO LIBARDO MOLINA CADENA | I54: SERGIO LIBARDO MOLINA CADENA | J54: NELSON ALFREDO VARGAS MORA | M54: JUAN CAMILO BOHORQUEZ RODRIGUEZ | N54: JORGE ANDRES BERNAL | O54: DAVID BAUTISTA ROMERO | Q54: COM TIC MAT INV CIE SST DER EMP CUL ETI | R54: MAT TIC COM CIE SST INV CUL DER ETI EMP | S54: EMP | T54: ESTEFANIA SANDOVAL CRUZ | U54: INV | V54: CINDY YOHANA BOHORQUEZ GARZON | W54: ETI | X54: NELSON ALFREDO VARGAS MORA | Y54: TIC | Z54: ERICK RUIZ NOREÑA | AA54: CUL | AB54: CHRISTIAN CAMILO RODRIGUEZ SALAS | AC54: COM | AD54: JORGE ARMANDO PIEDRAHITA CABRERA | AE54: MAT | AF54: JULIANA HERNANDEZ BARRERA | AG54: CIE | AH54: LAURA SOFIA PAEZ GALLO | AK54: SST | AL54: JORGE IVAN PEREZ GAITAN | AO54: DER | AP54: LAURA STHEPHANIA SANCHEZ PABON | AX54: =IFERROR(VLOOKUP(A54,_p7_2025,2,FALSE),"") | BU54: 10 | BV54: actual
A55: 2977746 | B55: TECNOLOGO | C55: 42 | D55: COORDINACION DE PROCESOS LOGISTICOS | E55: 14/05/2024 | F55: =IF( OR(((ROUND((G55-E55)/30,0))=27),((ROUND((G55-E55)/30,0))=15)), EDATE(G55,-6), IF( (ROUND((G55-E55)/30,0))=12, EDATE(G55,-3), IF( (ROUND((G55-E55)/30,0))=9, EDATE(G55,0),"CALCULAR"))) -> 46066 | G55: 13/08/2026 | H55: JOSE ALFONSO SOTO SILVERA | I55: JOSE ALFONSO SOTO SILVERA | J55: NELSON ALFREDO VARGAS MORA | M55: JOSE ALFONSO SOTO SILVERA | N55: JORGE ANDRES BERNAL | O55: DAVID BAUTISTA ROMERO | Q55: COM TIC MAT INV CIE SST DER EMP CUL ETI | R55: MAT TIC COM CIE SST INV CUL DER ETI EMP | S55: CUL | T55: MELISSA LAITON LAITON GARNICA | U55: EMP | V55: JOHN FRANZ RINCON PENA | W55: ETI | X55: LISET NUNEZ RODRIGUEZ | Y55: INV | Z55: DIANA MARCELA FIGUEROA FONSECA | AA55: COM | AB55: JORGE ARMANDO PIEDRAHITA CABRERA | AC55: TIC | AD55: CRISTINA CASTAÑO CASTILLO | AE55: MAT | AF55: JULIANA HERNANDEZ BARRERA | AK55: SST | AL55: DEISY JULIETH GARCIA CASTAÑEDA | AO55: CIE | AP55: LAURA SOFIA PAEZ GALLO | AS55: DER | AT55: LAURA STHEPHANIA SANCHEZ PABON | AX55: =IFERROR(VLOOKUP(A55,_p7_2025,2,FALSE),"") | BU55: 10 | BV55: actual
A56: 2977747 | B56: TECNOLOGO | C56: 40 | D56: COORDINACION DE PROCESOS LOGISTICOS | E56: 14/05/2024 | F56: =IF( OR(((ROUND((G56-E56)/30,0))=27),((ROUND((G56-E56)/30,0))=15)), EDATE(G56,-6), IF( (ROUND((G56-E56)/30,0))=12, EDATE(G56,-3), IF( (ROUND((G56-E56)/30,0))=9, EDATE(G56,0),"CALCULAR"))) -> 46066 | G56: 13/08/2026 | H56: JOSE ALFONSO SOTO SILVERA | I56: JOSE ALFONSO SOTO SILVERA | J56: NELSON ALFREDO VARGAS MORA | M56: JOSE ALFONSO SOTO SILVERA | N56: WILSON QUINTERO ARDILA | O56: DAVID BAUTISTA ROMERO | Q56: COM TIC MAT INV CIE SST DER EMP CUL ETI | R56: MAT TIC COM CIE SST INV CUL DER ETI EMP | S56: CUL | T56: YANIS ESTER PEREZ YEPES | U56: EMP | V56: ESTEFANIA SANDOVAL CRUZ | W56: MAT | X56: JULIANA HERNANDEZ BARRERA | Y56: ETI | Z56: STEPHANIE DURAN BARRAGAN | AA56: INV | AB56: FRANCI PAOLA LOZANO PIRAQUIVE | AE56: CIE | AF56: LAURA SOFIA PAEZ GALLO | AG56: TIC | AH56: ANGELICA JANETH RODRIGUEZ ALONSO | AK56: DER | AL56: DORIS AMPARO PORTILLA PABON | AO56: SST | AP56: JORGE IVAN PEREZ GAITAN | AX56: =IFERROR(VLOOKUP(A56,_p7_2025,2,FALSE),"") | BA56: COM | BB56: =VLOOKUP(A56,_p8_2025,2,FALSE) -> CESAR AUGUSTO BERMEO | BU56: 10 | BV56: actual
A57: 2977748 | B57: TECNOLOGO | C57: 41 | D57: COORDINACION DE PROCESOS LOGISTICOS | E57: 14/05/2024 | F57: =IF( OR(((ROUND((G57-E57)/30,0))=27),((ROUND((G57-E57)/30,0))=15)), EDATE(G57,-6), IF( (ROUND((G57-E57)/30,0))=12, EDATE(G57,-3), IF( (ROUND((G57-E57)/30,0))=9, EDATE(G57,0),"CALCULAR"))) -> 46066 | G57: 13/08/2026 | H57: JOSE ALFONSO SOTO SILVERA | I57: JOSE ALFONSO SOTO SILVERA | J57: NELSON ALFREDO VARGAS MORA | M57: JOSE ALFONSO SOTO SILVERA | N57: ALEJANDRO CEDIEL TELLO/WILSON QUINTERO ARDILA (TERMINO) | Q57: COM TIC MAT INV CIE SST DER EMP CUL ETI | R57: MAT TIC COM CIE SST INV CUL DER ETI EMP | S57: CUL | T57: CHRISTIAN CAMILO RODRIGUEZ SALAS | U57: EMP | V57: JOHN FRANZ RINCON PENA | W57: TIC | X57: CARLOS ALBERTO HERNANDEZ ARCILA | Y57: ETI | Z57: LISET NUNEZ RODRIGUEZ | AA57: INV | AB57: DIANA MARCELA FIGUEROA FONSECA | AE57: CIE | AF57: LAURA SOFIA PAEZ GALLO | AG57: COM | AH57: JORGE ARMANDO PIEDRAHITA CABRERA | AK57: DER | AL57: DORIS AMPARO PORTILLA PABON | AO57: SST | AP57: MARINELLA DIAZ ACOSTA | AW57: MAT | AX57: =IFERROR(VLOOKUP(A57,_p7_2025,2,FALSE),"") -> JULIANA HERNANDEZ BARRERA | BV57: Terminó
A58: 2977749 | B58: TECNOLOGO | C58: 40 | D58: COORDINACION DE PROCESOS LOGISTICOS | E58: 14/05/2024 | F58: =IF( OR(((ROUND((G58-E58)/30,0))=27),((ROUND((G58-E58)/30,0))=15)), EDATE(G58,-6), IF( (ROUND((G58-E58)/30,0))=12, EDATE(G58,-3), IF( (ROUND((G58-E58)/30,0))=9, EDATE(G58,0),"CALCULAR"))) -> 46066 | G58: 13/08/2026 | H58: JOSE ALFONSO SOTO SILVERA | I58: JOSE ALFONSO SOTO SILVERA | J58: NELSON ALFREDO VARGAS MORA | M58: JOSE ALFONSO SOTO SILVERA | N58: ALEJANDRO CEDIEL TELLO/WILSON QUINTERO ARDILA (TERMINO) | Q58: COM TIC MAT INV CIE SST DER EMP CUL ETI | R58: MAT TIC COM CIE SST INV CUL DER ETI EMP | S58: CUL | T58: MELISSA LAITON LAITON GARNICA | U58: EMP | V58: ESTEFANIA SANDOVAL CRUZ | W58: TIC | X58: EULISES MOGOLLON ORTIZ | Y58: ETI | Z58: NELLYS JANETH BLANCO RODRIGUEZ | AA58: INV | AB58: DIANA MARCELA FIGUEROA FONSECA | AC58: COM | AD58: JORGE ARMANDO PIEDRAHITA CABRERA | AE58: MAT | AF58: JULIANA HERNANDEZ BARRERA | AK58: SST | AL58: JORGE IVAN PEREZ GAITAN | AO58: CIE | AP58: LAURA SOFIA PAEZ GALLO | AS58: DER | AT58: MARIA CAROLINA GOMEZ CALLE | AX58: =IFERROR(VLOOKUP(A58,_p7_2025,2,FALSE),"") | BV58: Terminó
A59: 2977750 | B59: TECNOLOGO | C59: 42 | D59: COORDINACION DE PROCESOS LOGISTICOS | E59: 14/05/2024 | F59: =IF( OR(((ROUND((G59-E59)/30,0))=27),((ROUND((G59-E59)/30,0))=15)), EDATE(G59,-6), IF( (ROUND((G59-E59)/30,0))=12, EDATE(G59,-3), IF( (ROUND((G59-E59)/30,0))=9, EDATE(G59,0),"CALCULAR"))) -> 46066 | G59: 13/08/2026 | H59: JOSE ALFONSO SOTO SILVERA | I59: JOSE ALFONSO SOTO SILVERA | J59: NELSON ALFREDO VARGAS MORA | M59: JOSE ALFONSO SOTO SILVERA | N59: JULIAN FERNANDO GARNICA SEPULVEDA | O59: JULIAN FERNANDO GARNICA SEPULVEDA | Q59: COM TIC MAT INV CIE SST DER EMP CUL ETI | R59: MAT TIC COM CIE SST INV CUL DER ETI EMP | S59: CUL | T59: CHRISTIAN CAMILO RODRIGUEZ SALAS | U59: EMP | V59: LUIS ARTURO BASTIDAS | W59: TIC | X59: SONIA PATRICIA CASTAÑEDA CAYCEDO | Y59: ETI | Z59: STEPHANIE DURAN BARRAGAN | AA59: INV | AB59: DIANA MARCELA FIGUEROA FONSECA | AC59: COM | AD59: JORGE ARMANDO PIEDRAHITA CABRERA | AE59: MAT | AF59: ELKIN DURAN MANCIPE | AK59: SST | AL59: DEISY JULIETH GARCIA CASTAÑEDA | AO59: CIE | AP59: LAURA SOFIA PAEZ GALLO | AS59: DER | AT59: HECTOR ANDRES CIPAMOCHA CENTENO | AX59: =IFERROR(VLOOKUP(A59,_p7_2025,2,FALSE),"") | BU59: 15 | BV59: actual
A60: 2977751 | B60: TECNOLOGO | C60: 32 | D60: COORDINACION DE PROCESOS LOGISTICOS | E60: 14/05/2024 | F60: =IF( OR(((ROUND((G60-E60)/30,0))=27),((ROUND((G60-E60)/30,0))=15)), EDATE(G60,-6), IF( (ROUND((G60-E60)/30,0))=12, EDATE(G60,-3), IF( (ROUND((G60-E60)/30,0))=9, EDATE(G60,0),"CALCULAR"))) -> 46066 | G60: 13/08/2026 | H60: LAURA VIVIANA MONTERO | I60: LAURA VIVIANA MONTERO | J60: NELSON ALFREDO VARGAS MORA | M60: LAURA VIVIANA MONTERO | N60: WILSON QUINTERO ARDILA (TERMINO) | Q60: COM TIC MAT INV CIE SST DER EMP CUL ETI | R60: MAT TIC COM CIE SST INV CUL DER ETI EMP | S60: CUL | T60: CHRISTIAN CAMILO RODRIGUEZ SALAS | U60: EMP | V60: LUIS ARTURO BASTIDAS | W60: TIC | X60: MARITZABEL MONTEALEGRE RAMIREZ | Y60: ETI | Z60: NELLYS JANETH BLANCO RODRIGUEZ | AA60: INV | AB60: CINDY YOHANA BOHORQUEZ GARZON | AE60: CIE | AF60: LAURA SOFIA PAEZ GALLO | AG60: COM | AH60: CESAR AUGUSTO BERMEO | AK60: SST | AL60: DEISY JULIETH GARCIA CASTAÑEDA | AO60: DER | AP60: HECTOR ANDRES CIPAMOCHA CENTENO | AW60: MAT | AX60: =IFERROR(VLOOKUP(A60,_p7_2025,2,FALSE),"") -> JULIANA HERNANDEZ BARRERA | BV60: Terminó
A61: 2977752 | B61: TECNOLOGO | C61: 21 | D61: COORDINACION DE PROCESOS LOGISTICOS | E61: 14/05/2024 | F61: =IF( OR(((ROUND((G61-E61)/30,0))=27),((ROUND((G61-E61)/30,0))=15)), EDATE(G61,-6), IF( (ROUND((G61-E61)/30,0))=12, EDATE(G61,-3), IF( (ROUND((G61-E61)/30,0))=9, EDATE(G61,0),"CALCULAR"))) -> 46066 | G61: 13/08/2026 | H61: LAURA VIVIANA MONTERO | I61: LAURA VIVIANA MONTERO | J61: NELSON ALFREDO VARGAS MORA | M61: LAURA VIVIANA MONTERO | N61: JULIAN FERNANDO GARNICA SEPULVEDA | O61: JULIAN FERNANDO GARNICA SEPULVEDA | Q61: COM TIC MAT INV CIE SST DER EMP CUL ETI | R61: MAT TIC COM CIE SST INV CUL DER ETI EMP | S61: CIE | T61: JONATAN LOPEZ CASTILLO | U61: EMP | V61: LUIS ARTURO BASTIDAS | W61: TIC | X61: ANGELICA JANETH RODRIGUEZ ALONSO | Y61: ETI | Z61: IVAN DARIO RODRIGUEZ BUSTAMANTE | AA61: INV | AB61: FRANCI PAOLA LOZANO PIRAQUIVE | AC61: COM | AD61: JORGE ARMANDO PIEDRAHITA CABRERA | AE61: MAT | AF61: ELKIN DURAN MANCIPE | AG61: SST | AH61: JORGE IVAN PEREZ GAITAN | AK61: DER | AL61: DORIS AMPARO PORTILLA PABON | AO61: CUL | AP61: MELISSA ANDREA LAITON GARNICA | AX61: =IFERROR(VLOOKUP(A61,_p7_2025,2,FALSE),"") | BU61: 12 | BV61: actual
A62: 2977753 | B62: TECNOLOGO | C62: 30 | D62: COORDINACION DE PROCESOS LOGISTICOS | E62: 14/05/2024 | F62: =IF( OR(((ROUND((G62-E62)/30,0))=27),((ROUND((G62-E62)/30,0))=15)), EDATE(G62,-6), IF( (ROUND((G62-E62)/30,0))=12, EDATE(G62,-3), IF( (ROUND((G62-E62)/30,0))=9, EDATE(G62,0),"CALCULAR"))) -> 46066 | G62: 13/08/2026 | H62: LAURA VIVIANA MONTERO | I62: LAURA VIVIANA MONTERO | J62: NELSON ALFREDO VARGAS MORA | M62: LAURA VIVIANA MONTERO | N62: KAREN DAYANA CASTAÑEDA/WILSON QUINTERO ARDILA (TERMINO) | Q62: COM TIC MAT INV CIE SST DER EMP CUL ETI | R62: MAT TIC COM CIE SST INV CUL DER ETI EMP | S62: CIE | T62: JONATAN LOPEZ CASTILLO | U62: ETI | V62: IVAN DARIO RODRIGUEZ BUSTAMANTE | W62: EMP | X62: JOHN FRANZ RINCON PENA | Y62: INV | Z62: DIANA MARCELA FIGUEROA FONSECA | AA62: CUL | AB62: MELISSA LAITON LAITON GARNICA | AE62: COM | AF62: JORGE ARMANDO PIEDRAHITA CABRERA | AG62: TIC | AH62: SONIA PATRICIA CASTAÑEDA CAYCEDO | AK62: SST | AL62: MARINELLA DIAZ ACOSTA | AO62: DER | AP62: MARIA CAROLINA GOMEZ CALLE | AW62: MAT | AX62: =IFERROR(VLOOKUP(A62,_p7_2025,2,FALSE),"") -> JULIANA HERNANDEZ BARRERA | BV62: Terminó
A63: 2977754 | B63: TECNOLOGO | C63: 29 | D63: COORDINACION DE PROCESOS LOGISTICOS | E63: 14/05/2024 | F63: =IF( OR(((ROUND((G63-E63)/30,0))=27),((ROUND((G63-E63)/30,0))=15)), EDATE(G63,-6), IF( (ROUND((G63-E63)/30,0))=12, EDATE(G63,-3), IF( (ROUND((G63-E63)/30,0))=9, EDATE(G63,0),"CALCULAR"))) -> 46066 | G63: 13/08/2026 | H63: LAURA VIVIANA MONTERO | I63: LAURA VIVIANA MONTERO | J63: NELSON ALFREDO VARGAS MORA | M63: LAURA VIVIANA MONTERO | N63: KAREN DAYANA CASTAÑEDA/WILSON QUINTERO ARDILA (TERMINO) | Q63: COM TIC MAT INV CIE SST DER EMP CUL ETI | R63: MAT TIC COM CIE SST INV CUL DER ETI EMP | S63: CIE | T63: JONATAN LOPEZ CASTILLO | U63: ETI | V63: NELLYS JANETH BLANCO RODRIGUEZ | W63: TIC | X63: CRISTINA CASTAÑO CASTILLO | Y63: EMP | Z63: ESTEFANIA SANDOVAL CRUZ | AA63: INV | AB63: CINDY YOHANA BOHORQUEZ GARZON | AE63: COM | AF63: CESAR AUGUSTO BERMEO | AG63: MAT | AH63: ELKIN DURAN MANCIPE | AK63: SST | AL63: MARINELLA DIAZ ACOSTA | AO63: DER | AP63: LAURA STHEPHANIA SANCHEZ PABON | AS63: CUL | AT63: MELISSA ANDREA LAITON GARNICA | AX63: =IFERROR(VLOOKUP(A63,_p7_2025,2,FALSE),"") | BV63: Terminó
A64: 2977755 | B64: TECNOLOGO | C64: 31 | D64: COORDINACION DE PROCESOS LOGISTICOS | E64: 14/05/2024 | F64: =IF( OR(((ROUND((G64-E64)/30,0))=27),((ROUND((G64-E64)/30,0))=15)), EDATE(G64,-6), IF( (ROUND((G64-E64)/30,0))=12, EDATE(G64,-3), IF( (ROUND((G64-E64)/30,0))=9, EDATE(G64,0),"CALCULAR"))) -> 46066 | G64: 13/08/2026 | H64: LAURA VIVIANA MONTERO | I64: LAURA VIVIANA MONTERO | J64: NELSON ALFREDO VARGAS MORA | M64: LAURA VIVIANA MONTERO | N64: KAREN DAYANA CASTAÑEDA/WILSON QUINTERO ARDILA (TERMINO) | Q64: COM TIC MAT INV CIE SST DER EMP CUL ETI | R64: MAT TIC COM CIE SST INV CUL DER ETI EMP | S64: INV | T64: CINDY YOHANA BOHORQUEZ GARZON | U64: ETI | V64: NELSON ALFREDO VARGAS MORA | W64: TIC | X64: EULISES MOGOLLON ORTIZ | Y64: EMP | Z64: ESTEFANIA SANDOVAL CRUZ | AA64: CUL | AB64: YANIS ESTER PEREZ YEPES | AE64: COM | AF64: JORGE ARMANDO PIEDRAHITA CABRERA | AG64: MAT | AH64: ELKIN DURAN MANCIPE | AK64: SST | AL64: DEISY JULIETH GARCIA CASTAÑEDA | AO64: DER | AP64: LAURA STHEPHANIA SANCHEZ PABON | AW64: CIE | AX64: =IFERROR(VLOOKUP(A64,_p7_2025,2,FALSE),"") -> LAURA SOFIA PAEZ GALLO | BV64: Terminó
A65: 2977756 | B65: TECNOLOGO | C65: 27 | D65: COORDINACION DE PROCESOS LOGISTICOS | E65: 14/05/2024 | F65: =IF( OR(((ROUND((G65-E65)/30,0))=27),((ROUND((G65-E65)/30,0))=15)), EDATE(G65,-6), IF( (ROUND((G65-E65)/30,0))=12, EDATE(G65,-3), IF( (ROUND((G65-E65)/30,0))=9, EDATE(G65,0),"CALCULAR"))) -> 46066 | G65: 13/08/2026 | H65: MABEL PATRICIA GARCIA | I65: MABEL PATRICIA GARCIA | J65: DEISY JULIETH GARCIA CASTAÑEDA | M65: LUISA ADRIANA CORREDOR GALVIS | N65: KAREN DAYANA CASTAÑEDA (TERMINO) | Q65: COM TIC MAT INV CIE SST DER EMP CUL ETI | R65: MAT TIC COM CIE SST INV CUL DER ETI EMP | S65: INV | T65: CINDY YOHANA BOHORQUEZ GARZON | U65: ETI | V65: LISET NUNEZ RODRIGUEZ | W65: TIC | X65: SONIA PATRICIA CASTAÑEDA CAYCEDO | Y65: EMP | Z65: ESTEFANIA SANDOVAL CRUZ | AA65: COM | AB65: CATHERINE LOZADA OTALORA | AC65: MAT | AD65: JULIANA HERNANDEZ BARRERA | AE65: CIE | AF65: LAURA SOFIA PAEZ GALLO | AG65: SST | AH65: JORGE IVAN PEREZ GAITAN | AK65: DER | AL65: HECTOR ANDRES CIPAMOCHA CENTENO | AS65: CUL | AT65: CHRISTIAN CAMILO RODRIGUEZ SALAS | AX65: =IFERROR(VLOOKUP(A65,_p7_2025,2,FALSE),"") | BV65: Terminó
A66: 2977757 | B66: TECNOLOGO | C66: 23 | D66: COORDINACION DE PROCESOS LOGISTICOS | E66: 14/05/2024 | F66: =IF( OR(((ROUND((G66-E66)/30,0))=27),((ROUND((G66-E66)/30,0))=15)), EDATE(G66,-6), IF( (ROUND((G66-E66)/30,0))=12, EDATE(G66,-3), IF( (ROUND((G66-E66)/30,0))=9, EDATE(G66,0),"CALCULAR"))) -> 46066 | G66: 13/08/2026 | H66: MABEL PATRICIA GARCIA | I66: MABEL PATRICIA GARCIA | J66: DEISY JULIETH GARCIA CASTAÑEDA | M66: LUISA ADRIANA CORREDOR GALVIS | N66: MARIA ANGELICA VEGA TORO (TERMINO) | Q66: COM TIC MAT INV CIE SST DER EMP CUL ETI | R66: MAT TIC COM CIE SST INV CUL DER ETI EMP | S66: INV | T66: FRANCI PAOLA LOZANO PIRAQUIVE | U66: ETI | V66: NELSON ALFREDO VARGAS MORA | W66: CIE | X66: JONATAN LOPEZ CASTILLO | Y66: EMP | Z66: ESTEFANIA SANDOVAL CRUZ | AA66: COM | AB66: JORGE ARMANDO PIEDRAHITA CABRERA | AC66: TIC | AD66: ERICK RUIZ NOREÑA | AE66: MAT | AF66: ELKIN DURAN MANCIPE | AG66: SST | AH66: JORGE IVAN PEREZ GAITAN | AK66: DER | AL66: LAURA STHEPHANIA SANCHEZ PABON | AS66: CUL | AT66: CHRISTIAN CAMILO RODRIGUEZ SALAS | AX66: =IFERROR(VLOOKUP(A66,_p7_2025,2,FALSE),"") | BV66: Terminó
A67: 2977758 | B67: TECNOLOGO | C67: 17 | D67: COORDINACION DE PROCESOS LOGISTICOS | E67: 14/05/2024 | F67: =IF( OR(((ROUND((G67-E67)/30,0))=27),((ROUND((G67-E67)/30,0))=15)), EDATE(G67,-6), IF( (ROUND((G67-E67)/30,0))=12, EDATE(G67,-3), IF( (ROUND((G67-E67)/30,0))=9, EDATE(G67,0),"CALCULAR"))) -> 46066 | G67: 13/08/2026 | H67: MABEL PATRICIA GARCIA | I67: MABEL PATRICIA GARCIA | J67: DEISY JULIETH GARCIA CASTAÑEDA | M67: LUISA ADRIANA CORREDOR GALVIS | N67: MARIA ANGELICA VEGA TORO (TERMINO) | Q67: COM TIC MAT INV CIE SST DER EMP CUL ETI | R67: MAT TIC COM CIE SST INV CUL DER ETI EMP | S67: INV | T67: FRANCI PAOLA LOZANO PIRAQUIVE | U67: ETI | V67: LISET NUNEZ RODRIGUEZ | W67: CIE | X67: JONATAN LOPEZ CASTILLO | Y67: EMP | Z67: JOHN FRANZ RINCON PENA | AA67: COM | AB67: JORGE ARMANDO PIEDRAHITA CABRERA | AC67: TIC | AD67: CRISTINA CASTAÑO CASTILLO | AE67: MAT | AF67: JULIANA HERNANDEZ BARRERA | AG67: SST | AH67: JORGE IVAN PEREZ GAITAN | AK67: DER | AL67: MARIA CAROLINA GOMEZ CALLE | AS67: CUL | AT67: MELISSA ANDREA LAITON GARNICA | AX67: =IFERROR(VLOOKUP(A67,_p7_2025,2,FALSE),"") | BV67: Terminó
A68: 2977759 | B68: TECNOLOGO | C68: 29 | D68: COORDINACION DE PROCESOS LOGISTICOS | E68: 14/05/2024 | F68: =IF( OR(((ROUND((G68-E68)/30,0))=27),((ROUND((G68-E68)/30,0))=15)), EDATE(G68,-6), IF( (ROUND((G68-E68)/30,0))=12, EDATE(G68,-3), IF( (ROUND((G68-E68)/30,0))=9, EDATE(G68,0),"CALCULAR"))) -> 46066 | G68: 13/08/2026 | H68: LAURA VIVIANA MONTERO | I68: LAURA VIVIANA MONTERO | J68: DEISY JULIETH GARCIA CASTAÑEDA | M68: LAURA VIVIANA MONTERO | N68: MARIA ANGELICA VEGA TORO (TERMINO) | Q68: COM TIC MAT INV CIE SST DER EMP CUL ETI | R68: MAT TIC COM CIE SST INV CUL DER ETI EMP | S68: INV | T68: FRANCI PAOLA LOZANO PIRAQUIVE | U68: ETI | V68: LISET NUNEZ RODRIGUEZ | W68: TIC | X68: EULISES MOGOLLON ORTIZ | Y68: EMP | Z68: JOHN FRANZ RINCON PENA | AA68: COM | AB68: CATHERINE LOZADA OTALORA | AC68: MAT | AD68: ELKIN DURAN MANCIPE | AE68: CIE | AF68: LAURA SOFIA PAEZ GALLO | AG68: SST | AH68: JORGE IVAN PEREZ GAITAN | AK68: DER | AL68: HECTOR ANDRES CIPAMOCHA CENTENO | AS68: CUL | AT68: CHRISTIAN CAMILO RODRIGUEZ SALAS | AX68: =IFERROR(VLOOKUP(A68,_p7_2025,2,FALSE),"") | BV68: Terminó
A69: 2977760 | B69: TECNOLOGO | C69: 42 | D69: COORDINACION DE PROCESOS LOGISTICOS | E69: 14/05/2024 | F69: =IF( OR(((ROUND((G69-E69)/30,0))=27),((ROUND((G69-E69)/30,0))=15)), EDATE(G69,-6), IF( (ROUND((G69-E69)/30,0))=12, EDATE(G69,-3), IF( (ROUND((G69-E69)/30,0))=9, EDATE(G69,0),"CALCULAR"))) -> 46066 | G69: 13/08/2026 | H69: LUIS GABRIEL GRANADOS YEPES | I69: LAURA VIVIANA MONTERO | J69: DEISY JULIETH GARCIA CASTAÑEDA | M69: NIXA TATIANA OLAVE PEREZ | N69: MARIA ANGELICA VEGA TORO (TERMINO) | Q69: COM TIC MAT INV CIE SST DER EMP CUL ETI | R69: MAT TIC COM CIE SST INV CUL DER ETI EMP | S69: INV | T69: FRANCI PAOLA LOZANO PIRAQUIVE | U69: ETI | V69: IVAN DARIO RODRIGUEZ BUSTAMANTE | W69: TIC | X69: CARLOS ALBERTO HERNANDEZ ARCILA | Y69: EMP | Z69: ESTEFANIA SANDOVAL CRUZ | AA69: COM | AB69: CATHERINE LOZADA OTALORA | AC69: MAT | AD69: ELKIN DURAN MANCIPE | AE69: CUL | AF69: CHRISTIAN CAMILO RODRIGUEZ SALAS | AG69: CIE | AH69: LAURA SOFIA PAEZ GALLO | AK69: SST | AL69: MARINELLA DIAZ ACOSTA | AO69: DER | AP69: MARIA CAROLINA GOMEZ CALLE | AX69: =IFERROR(VLOOKUP(A69,_p7_2025,2,FALSE),"") | BV69: Terminó
A70: 2977761 | B70: TECNOLOGO | C70: 43 | D70: COORDINACION DE PROCESOS LOGISTICOS | E70: 14/05/2024 | F70: =IF( OR(((ROUND((G70-E70)/30,0))=27),((ROUND((G70-E70)/30,0))=15)), EDATE(G70,-6), IF( (ROUND((G70-E70)/30,0))=12, EDATE(G70,-3), IF( (ROUND((G70-E70)/30,0))=9, EDATE(G70,0),"CALCULAR"))) -> 46066 | G70: 13/08/2026 | H70: LUIS GABRIEL GRANADOS YEPES | I70: LAURA VIVIANA MONTERO | J70: DEISY JULIETH GARCIA CASTAÑEDA | M70: NIXA TATIANA OLAVE PEREZ | N70: MARIA ANGELICA VEGA TORO (TERMINO) | Q70: COM TIC MAT INV CIE SST DER EMP CUL ETI | R70: MAT TIC COM CIE SST INV CUL DER ETI EMP | S70: ETI | T70: LISET NUNEZ RODRIGUEZ | U70: INV | V70: CINDY YOHANA BOHORQUEZ GARZON | W70: TIC | X70: MARITZABEL MONTEALEGRE RAMIREZ | Y70: EMP | Z70: JOHN FRANZ RINCON PENA | AA70: COM | AB70: CATHERINE LOZADA OTALORA | AC70: MAT | AD70: JULIANA HERNANDEZ BARRERA | AE70: CUL | AF70: CHRISTIAN CAMILO RODRIGUEZ SALAS | AG70: CIE | AH70: LAURA SOFIA PAEZ GALLO | AK70: SST | AL70: MARINELLA DIAZ ACOSTA | AO70: DER | AP70: LAURA STHEPHANIA SANCHEZ PABON | AX70: =IFERROR(VLOOKUP(A70,_p7_2025,2,FALSE),"") | BV70: Terminó
A71: 2977762 | B71: TECNOLOGO | C71: 32 | D71: COORDINACION DE PROCESOS LOGISTICOS | E71: 14/05/2024 | F71: =IF( OR(((ROUND((G71-E71)/30,0))=27),((ROUND((G71-E71)/30,0))=15)), EDATE(G71,-6), IF( (ROUND((G71-E71)/30,0))=12, EDATE(G71,-3), IF( (ROUND((G71-E71)/30,0))=9, EDATE(G71,0),"CALCULAR"))) -> 46066 | G71: 13/08/2026 | H71: NIXA TATIANA OLAVE PEREZ | I71: NIXA TATIANA OLAVE PEREZ | J71: DEISY JULIETH GARCIA CASTAÑEDA | M71: NIXA TATIANA OLAVE PEREZ | N71: MARIA ANGELICA VEGA TORO (TERMINO) | Q71: COM TIC MAT INV CIE SST DER EMP CUL ETI | R71: MAT TIC COM CIE SST INV CUL DER ETI EMP | S71: DER | T71: LIDA ROCIO ROA MONSALVE | U71: ETI | V71: NELLYS JANETH BLANCO RODRIGUEZ | W71: CIE | X71: JONATAN LOPEZ CASTILLO | Y71: INV | Z71: CINDY YOHANA BOHORQUEZ GARZON | AA71: EMP | AB71: LUIS ARTURO BASTIDAS | AC71: CUL | AD71: CHRISTIAN CAMILO RODRIGUEZ SALAS | AE71: COM | AF71: JORGE ARMANDO PIEDRAHITA CABRERA | AG71: TIC | AH71: ANGELICA JANETH RODRIGUEZ ALONSO | AK71: SST | AL71: DEISY JULIETH GARCIA CASTAÑEDA | AO71: MAT | AP71: JULIANA HERNANDEZ BARRERA | AX71: =IFERROR(VLOOKUP(A71,_p7_2025,2,FALSE),"") | BV71: Terminó
A72: 2977763 | B72: TECNOLOGO | C72: 41 | D72: COORDINACION DE PROCESOS LOGISTICOS | E72: 14/05/2024 | F72: =IF( OR(((ROUND((G72-E72)/30,0))=27),((ROUND((G72-E72)/30,0))=15)), EDATE(G72,-6), IF( (ROUND((G72-E72)/30,0))=12, EDATE(G72,-3), IF( (ROUND((G72-E72)/30,0))=9, EDATE(G72,0),"CALCULAR"))) -> 46066 | G72: 13/08/2026 | H72: NIXA TATIANA OLAVE PEREZ | I72: NIXA TATIANA OLAVE PEREZ | J72: DEISY JULIETH GARCIA CASTAÑEDA | M72: NIXA TATIANA OLAVE PEREZ | N72: WILSON QUINTERO ARDILA/KAREN DAYANA CASTAÑEDA (TERMINO) | Q72: COM TIC MAT INV CIE SST DER EMP CUL ETI | R72: MAT TIC COM CIE SST INV CUL DER ETI EMP | S72: DER | T72: HECTOR ANDRES CIPAMOCHA CENTENO | U72: ETI | V72: STEPHANIE DURAN BARRAGAN | W72: TIC | X72: CARLOS ALBERTO HERNANDEZ ARCILA | Y72: INV | Z72: CINDY YOHANA BOHORQUEZ GARZON | AA72: EMP | AB72: JOHN FRANZ RINCON PENA | AC72: CUL | AD72: CHRISTIAN CAMILO RODRIGUEZ SALAS | AE72: COM | AF72: JORGE ARMANDO PIEDRAHITA CABRERA | AG72: MAT | AH72: WILDER JULIAN ARIAS HERNANDEZ | AO72: SST | AP72: MARINELLA DIAZ ACOSTA | AW72: CIE | AX72: =IFERROR(VLOOKUP(A72,_p7_2025,2,FALSE),"") -> LAURA SOFIA PAEZ GALLO | BV72: Terminó
A73: 2977764 | B73: TECNOLOGO | C73: 35 | D73: COORDINACION DE PROCESOS LOGISTICOS | E73: 14/05/2024 | F73: =IF( OR(((ROUND((G73-E73)/30,0))=27),((ROUND((G73-E73)/30,0))=15)), EDATE(G73,-6), IF( (ROUND((G73-E73)/30,0))=12, EDATE(G73,-3), IF( (ROUND((G73-E73)/30,0))=9, EDATE(G73,0),"CALCULAR"))) -> 46066 | G73: 13/08/2026 | H73: NIXA TATIANA OLAVE PEREZ | I73: NIXA TATIANA OLAVE PEREZ | J73: DEISY JULIETH GARCIA CASTAÑEDA | M73: NIXA TATIANA OLAVE PEREZ | N73: WILSON QUINTERO ARDILA/KAREN DAYANA CASTAÑEDA (TERMINO) | Q73: COM TIC MAT INV CIE SST DER EMP CUL ETI | R73: MAT TIC COM CIE SST INV CUL DER ETI EMP | S73: DER | T73: HECTOR ANDRES CIPAMOCHA CENTENO | U73: ETI | V73: IVAN DARIO RODRIGUEZ BUSTAMANTE | W73: CIE | X73: JONATAN LOPEZ CASTILLO | Y73: CUL | Z73: MELISSA LAITON LAITON GARNICA | AA73: INV | AB73: FRANCI PAOLA LOZANO PIRAQUIVE | AC73: EMP | AD73: ESTEFANIA SANDOVAL CRUZ | AE73: COM | AF73: JORGE ARMANDO PIEDRAHITA CABRERA | AG73: TIC | AH73: ANGELICA JANETH RODRIGUEZ ALONSO | AK73: SST | AL73: JORGE IVAN PEREZ GAITAN | AO73: MAT | AP73: ELKIN DURAN MANCIPE | AX73: =IFERROR(VLOOKUP(A73,_p7_2025,2,FALSE),"") | BV73: Terminó
A74: 3236062 | B74: TECNICO | C74: 72 | D74: SERVICIOS COMERCIALES Y FINANCIEROS | E74: 03/06/2025 | F74: 46083 | G74: 02/09/2026 | K74: MOISES EDGARDO MERIÑO POLO | M74: MOISES EDGARDO MERIÑO POLO | O74: ANGELA JULIETTE SILVA VELANDIA | P74: MOISES EDGARDO MERIÑO POLO | Q74: TIC MAT COM CUL SST EMP ETI DER | AO74: TIC | AP74: ANGELICA JANETH RODRIGUEZ ALONSO | AQ74: MAT | AR74: WILDER JULIAN ARIAS HERNANDEZ | AU74: COM | AV74: CESAR AUGUSTO BERMEO | AW74: CUL | AX74: =IFERROR(VLOOKUP(A74,_p7_2025,2,FALSE),"") -> CHRISTIAN CAMILO RODRIGUEZ SALAS | BA74: ETI | BB74: OLGA STELLA PARDO SARAY | BC74: EMP | BD74: LUIS ARTURO BASTIDAS | BE74: DER | BF74: HECTOR ANDRES CIPAMOCHA CENTENO | BG74: SST | BH74: DEISY JULIETH GARCIA CASTAÑEDA | BP74: DER SST | BQ74: =TRIM(SUBSTITUTE(SUBSTITUTE(SUBSTITUTE(SUBSTITUTE(SUBSTITUTE(SUBSTITUTE(SUBSTITUTE(SUBSTITUTE(SUBSTITUTE(SUBSTITUTE(SUBSTITUTE(SUBSTITUTE(SUBSTITUTE(SUBSTITUTE(SUBSTITUTE(SUBSTITUTE(Q74, Y74, ""), AA74, ""), AC74, ""), AE74, ""), AG74, ""), AK74, ""), AO74, ""), AQ74, ""), AS74, ""), AU74, ""), AW74, ""), AY74, ""), BA74, ""), BC74, ""), BE74, ""), BG74, "")) | BT74: =VLOOKUP(A74,[2]Hoja1!$A$2:$B$123,2,FALSE) -> BIL | BU74: 68 | BV74: nueva
A75: 3236103 | B75: TECNICO | C75: 68 | D75: SERVICIOS COMERCIALES Y FINANCIEROS | E75: 03/06/2025 | F75: 46083 | G75: 02/09/2026 | K75: MOISES EDGARDO MERIÑO POLO | M75: MOISES EDGARDO MERIÑO POLO | O75: ANGELA JULIETTE SILVA VELANDIA | P75: MOISES EDGARDO MERIÑO POLO | Q75: TIC MAT COM CUL SST EMP ETI DER | AO75: TIC | AP75: CRISTINA CASTAÑO CASTILLO | AQ75: MAT | AR75: WILDER JULIAN ARIAS HERNANDEZ | AS75: EMP | AT75: ALBERTO ANTONIO TAPIA TORRES | AU75: CUL | AV75: MELISSA ANDREA LAITON GARNICA | AW75: COM | AX75: =IFERROR(VLOOKUP(A75,_p7_2025,2,FALSE),"") -> CESAR AUGUSTO BERMEO | AY75: SST | AZ75: DEISY JULIETH GARCIA CASTAÑEDA | BA75: ETI | BB75: =VLOOKUP(A75,_p8_2025,2,FALSE) -> IVAN DARIO RODRIGUEZ BUSTAMANTE | BE75: DER | BF75: HECTOR ANDRES CIPAMOCHA CENTENO | BP75: DER | BQ75: =TRIM(SUBSTITUTE(SUBSTITUTE(SUBSTITUTE(SUBSTITUTE(SUBSTITUTE(SUBSTITUTE(SUBSTITUTE(SUBSTITUTE(SUBSTITUTE(SUBSTITUTE(SUBSTITUTE(SUBSTITUTE(SUBSTITUTE(SUBSTITUTE(SUBSTITUTE(SUBSTITUTE(Q75, Y75, ""), AA75, ""), AC75, ""), AE75, ""), AG75, ""), AK75, ""), AO75, ""), AQ75, ""), AS75, ""), AU75, ""), AW75, ""), AY75, ""), BA75, ""), BC75, ""), BE75, ""), BG75, "")) | BT75: =VLOOKUP(A75,[2]Hoja1!$A$2:$B$123,2,FALSE) -> BIL | BU75: 72 | BV75: nueva
A76: 3236104 | B76: TECNICO | C76: 73 | D76: SERVICIOS COMERCIALES Y FINANCIEROS | E76: 03/06/2025 | F76: 46083 | G76: 02/09/2026 | K76: MOISES EDGARDO MERIÑO POLO | M76: MOISES EDGARDO MERIÑO POLO | O76: ANGELA JULIETTE SILVA VELANDIA | P76: MOISES EDGARDO MERIÑO POLO | Q76: TIC MAT COM CUL SST EMP ETI DER | AO76: TIC | AP76: ERICK RUIZ NOREÑA | AQ76: MAT | AR76: ELKIN DURAN MANCIPE | AS76: SST | AT76: MARINELLA DIAZ ACOSTA | AU76: CUL | AV76: CHRISTIAN CAMILO RODRIGUEZ SALAS | AW76: COM | AX76: =IFERROR(VLOOKUP(A76,_p7_2025,2,FALSE),"") -> JORGE ARMANDO PIEDRAHITA | BA76: ETI | BB76: =VLOOKUP(A76,_p8_2025,2,FALSE) -> NELSON ALFREDO VARGAS MORA | BE76: DER | BF76: HECTOR ANDRES CIPAMOCHA CENTENO | BG76: EMP | BH76: LUIS ARTURO BASTIDAS | BP76: DER EMP | BQ76: =TRIM(SUBSTITUTE(SUBSTITUTE(SUBSTITUTE(SUBSTITUTE(SUBSTITUTE(SUBSTITUTE(SUBSTITUTE(SUBSTITUTE(SUBSTITUTE(SUBSTITUTE(SUBSTITUTE(SUBSTITUTE(SUBSTITUTE(SUBSTITUTE(SUBSTITUTE(SUBSTITUTE(Q76, Y76, ""), AA76, ""), AC76, ""), AE76, ""), AG76, ""), AK76, ""), AO76, ""), AQ76, ""), AS76, ""), AU76, ""), AW76, ""), AY76, ""), BA76, ""), BC76, ""), BE76, ""), BG76, "")) | BT76: =VLOOKUP(A76,[2]Hoja1!$A$2:$B$123,2,FALSE) -> BIL | BU76: 68 | BV76: nueva | BW76: =VLOOKUP(A76,[2]PE04!$A$7:$A$328,1,FALSE) -> 3236104 | BX76: =IFERROR(VLOOKUP( 5,[2]PE04!A1:G328,8,FALSE), "No encontrado") -> No encontrado
A77: 3236113 | B77: TECNICO | C77: 67 | D77: SERVICIOS Y OPERACIONES MICROFINANCIERAS | E77: 03/06/2025 | F77: 46083 | G77: 02/09/2026 | K77: YERSON ALVEIRO DUARTE VELASCO | M77: YERSON ALVEIRO DUARTE VELASCO | O77: ANGELA JULIETTE SILVA VELANDIA | P77: YERSON ALVEIRO DUARTE VELASCO | Q77: MAT SST COM ETI CUL DER TIC EMP | AO77: ETI | AP77: IVAN DARIO RODRIGUEZ BUSTAMANTE | AQ77: SST | AR77: JORGE IVAN PEREZ GAITAN | AU77: COM | AV77: CESAR AUGUSTO BERMEO | AW77: EMP | AX77: =IFERROR(VLOOKUP(A77,_p7_2025,2,FALSE),"") -> LUIS ARTURO BASTIDAS | AY77: TIC | AZ77: CRISTINA CASTAÑO CASTILLO | BA77: MAT | BB77: =VLOOKUP(A77,_p8_2025,2,FALSE) -> JULIANA HERNANDEZ BARRERA | BE77: DER | BF77: HECTOR ANDRES CIPAMOCHA CENTENO | BG77: CUL | BH77: CHRISTIAN CAMILO RODRIGUEZ SALAS | BP77: DER CUL | BQ77: =TRIM(SUBSTITUTE(SUBSTITUTE(SUBSTITUTE(SUBSTITUTE(SUBSTITUTE(SUBSTITUTE(SUBSTITUTE(SUBSTITUTE(SUBSTITUTE(SUBSTITUTE(SUBSTITUTE(SUBSTITUTE(SUBSTITUTE(SUBSTITUTE(SUBSTITUTE(SUBSTITUTE(Q77, Y77, ""), AA77, ""), AC77, ""), AE77, ""), AG77, ""), AK77, ""), AO77, ""), AQ77, ""), AS77, ""), AU77, ""), AW77, ""), AY77, ""), BA77, ""), BC77, ""), BE77, ""), BG77, "")) | BT77: BIL | BU77: 73 | BV77: nueva | BW77: =VLOOKUP(A77,[2]PE04!$A$7:$A$328,1,FALSE) -> 3236113 | BX77: =IFERROR(VLOOKUP( 5,[2]PE04!A2:G329,8,FALSE), "No encontrado") -> No encontrado
A78: 2995652 | B78: TECNOLOGO | C78: 53 | D78: COORDINACION DE PROCESOS LOGISTICOS | E78: 04/06/2024 | F78: =IF( OR(((ROUND((G78-E78)/30,0))=27),((ROUND((G78-E78)/30,0))=15)), EDATE(G78,-6), IF( (ROUND((G78-E78)/30,0))=12, EDATE(G78,-3), IF( (ROUND((G78-E78)/30,0))=9, EDATE(G78,0),"CALCULAR"))) -> 46084 | G78: 03/09/2026 | H78: NIXA TATIANA OLAVE PEREZ | I78: NIXA TATIANA OLAVE PEREZ | J78: DEISY JULIETH GARCIA CASTAÑEDA | M78: NIXA TATIANA OLAVE PEREZ | N78: JULIAN FERNANDO GARNICA SEPULVEDA | O78: JULIAN FERNANDO GARNICA SEPULVEDA | Q78: COM TIC MAT INV CIE SST DER EMP CUL ETI | R78: MAT TIC COM CIE SST INV CUL DER ETI EMP | S78: DER | T78: LIDA ROCIO ROA MONSALVE | U78: ETI | V78: IVAN DARIO RODRIGUEZ BUSTAMANTE | W78: TIC | X78: CRISTINA CASTAÑO CASTILLO | Y78: INV | Z78: FRANCI PAOLA LOZANO PIRAQUIVE | AA78: EMP | AB78: ESTEFANIA SANDOVAL CRUZ | AC78: CUL | AD78: CHRISTIAN CAMILO RODRIGUEZ SALAS | AE78: SST | AF78: DEISY JULIETH GARCIA CASTAÑEDA | AG78: CIE | AH78: LAURA SOFIA PAEZ GALLO | AK78: COM | AL78: JORGE ARMANDO PIEDRAHITA CABRERA | AO78: MAT | AP78: WILDER JULIAN ARIAS HERNANDEZ | AX78: =IFERROR(VLOOKUP(A78,_p7_2025,2,FALSE),"") | BT78: =VLOOKUP(A78,[2]Hoja1!$A$2:$B$123,2,FALSE) -> BIL | BU78: 35 | BV78: actual
A79: 3287439 | B79: TECNICO | C79: 61 | D79: SERVICIOS Y OPERACIONES MICROFINANCIERAS | E79: 29/07/2025 | F79: 46140 | G79: 28/10/2026 | K79: YERSON ALVEIRO DUARTE VELASCO | M79: YERSON ALVEIRO DUARTE VELASCO | O79: JHONY ARMANDO RIOS | P79: YERSON ALVEIRO DUARTE VELASCO | Q79: MAT SST COM ETI CUL DER TIC EMP | AS79: MAT | AT79: WILDER JULIAN ARIAS HERNANDEZ | AU79: SST | AV79: MARINELLA DIAZ ACOSTA | AW79: ETI | AX79: =IFERROR(VLOOKUP(A79,_p7_2025,2,FALSE),"") -> IVAN DARIO RODRIGUEZ BUSTAMANTE | AY79: TIC | AZ79: SONIA PATRICIA CASTAÑEDA CAYCEDO | BA79: CUL | BB79: MELISSA ANDREA LAITON GARNICA | BE79: DER | BF79: MARIA CAROLINA GOMEZ CALLE | BG79: EMP | BH79: LUIS ARTURO BASTIDAS | BI79: COM | BJ79: CESAR AUGUSTO BERMEO | BK79: DAVID BAUTISTA ROMERO | BP79: DER EMP | BQ79: =TRIM(SUBSTITUTE(SUBSTITUTE(SUBSTITUTE(SUBSTITUTE(SUBSTITUTE(SUBSTITUTE(SUBSTITUTE(SUBSTITUTE(SUBSTITUTE(SUBSTITUTE(SUBSTITUTE(SUBSTITUTE(SUBSTITUTE(SUBSTITUTE(SUBSTITUTE(SUBSTITUTE(Q79, Y79, ""), AA79, ""), AC79, ""), AE79, ""), AG79, ""), AK79, ""), AO79, ""), AQ79, ""), AS79, ""), AU79, ""), AW79, ""), AY79, ""), BA79, ""), BC79, ""), BE79, ""), BG79, "")) -> COM | BR79: =TRIM(SUBSTITUTE(SUBSTITUTE(SUBSTITUTE(SUBSTITUTE(SUBSTITUTE(SUBSTITUTE(SUBSTITUTE(SUBSTITUTE(SUBSTITUTE(SUBSTITUTE(SUBSTITUTE(SUBSTITUTE(SUBSTITUTE(SUBSTITUTE(SUBSTITUTE(SUBSTITUTE(SUBSTITUTE(Q79, Y79, ""), AA79, ""), AC79, ""), AE79, ""), AG79, ""), AK79, ""), AO79, ""), AQ79, ""), AS79, ""), AU79, ""), AW79, ""), AY79, ""), BA79, ""), BC79, ""), BE79, ""), BG79, ""),BI79, "")) | BS79: =TRIM(SUBSTITUTE(SUBSTITUTE(SUBSTITUTE(SUBSTITUTE(SUBSTITUTE(SUBSTITUTE(SUBSTITUTE(SUBSTITUTE(SUBSTITUTE(SUBSTITUTE(SUBSTITUTE(SUBSTITUTE(SUBSTITUTE(SUBSTITUTE(SUBSTITUTE(SUBSTITUTE(SUBSTITUTE(Q79, Y79, ""), AA79, ""), AC79, ""), AE79, ""), AG79, ""), AK79, ""), AO79, ""), AQ79, ""), AS79, ""), AU79, ""), AW79, ""), AY79, ""), BA79, ""), BC79, ""), BE79, ""), BG79, ""),BI79, "")) | BT79: FALTA INGLES | BU79: 51 | BV79: nueva | BW79: =VLOOKUP(A79,[2]PE04!$A$7:$A$328,1,FALSE) -> 3287439 | BX79: =IFERROR(VLOOKUP( 5,[2]PE04!A4:G331,8,FALSE), "No encontrado") -> No encontrado
A80: 3070296 | B80: TECNOLOGO | C80: 39 | D80: ANALISIS Y DESARROLLO DE SOFTWARE | E80: 16/09/2024 | F80: =IF( OR(((ROUND((G80-E80)/30,0))=27),((ROUND((G80-E80)/30,0))=15)), EDATE(G80,-6), IF( (ROUND((G80-E80)/30,0))=12, EDATE(G80,-3), IF( (ROUND((G80-E80)/30,0))=9, EDATE(G80,0),"CALCULAR"))) -> 46188 | G80: 15/12/2026 | H80: GUSTAVO ADOLFO MARUN SUAREZ | I80: GUSTAVO ADOLFO MARUN SUAREZ | J80: LUIS ARTURO BASTIDAS | M80: DAVID EDUARDO LEON | N80: KAREN DAYANA CASTAÑEDA/JEIMMY LILIANA CASTILLO | O80: KAREN DAYANA CASTAÑEDA | P80: FERNANDO GONZALEZ GARCIA | Q80: MAT TIC COM INV FIS EMP ETI SST CUL DER | R80: MAT TIC COM INV FIS EMP ETI SST CUL DER | Y80: MAT | Z80: JULIANA HERNANDEZ BARRERA | AA80: ETI | AB80: STEPHANIE DURAN BARRAGAN | AC80: TIC | AD80: CRISTINA CASTAÑO CASTILLO | AE80: FIS | AF80: CAMILO ERNESTO CALDERON GALINDO | AG80: EMP | AH80: LUIS ARTURO BASTIDAS | AK80: DER | AL80: DORIS AMPARO PORTILLA PABON | AO80: SST | AP80: DEISY JULIETH GARCIA CASTAÑEDA | AW80: CUL | AX80: =IFERROR(VLOOKUP(A80,_p7_2025,2,FALSE),"") -> CHRISTIAN CAMILO RODRIGUEZ SALAS | BA80: COM | BB80: =VLOOKUP(A80,_p8_2025,2,FALSE) -> CESAR AUGUSTO BERMEO | BE80: INV | BF80: CINDY YOHANA BOHORQUEZ GARZON | BK80: DAVID BAUTISTA ROMERO | BP80: INV | BQ80: =TRIM(SUBSTITUTE(SUBSTITUTE(SUBSTITUTE(SUBSTITUTE(SUBSTITUTE(SUBSTITUTE(SUBSTITUTE(SUBSTITUTE(SUBSTITUTE(SUBSTITUTE(SUBSTITUTE(SUBSTITUTE(SUBSTITUTE(SUBSTITUTE(SUBSTITUTE(SUBSTITUTE(Q80, Y80, ""), AA80, ""), AC80, ""), AE80, ""), AG80, ""), AK80, ""), AO80, ""), AQ80, ""), AS80, ""), AU80, ""), AW80, ""), AY80, ""), BA80, ""), BC80, ""), BE80, ""), BG80, "")) | BS80: =TRIM(SUBSTITUTE(SUBSTITUTE(SUBSTITUTE(SUBSTITUTE(SUBSTITUTE(SUBSTITUTE(SUBSTITUTE(SUBSTITUTE(SUBSTITUTE(SUBSTITUTE(SUBSTITUTE(SUBSTITUTE(SUBSTITUTE(SUBSTITUTE(SUBSTITUTE(SUBSTITUTE(SUBSTITUTE(Q80, Y80, ""), AA80, ""), AC80, ""), AE80, ""), AG80, ""), AK80, ""), AO80, ""), AQ80, ""), AS80, ""), AU80, ""), AW80, ""), AY80, ""), BA80, ""), BC80, ""), BE80, ""), BG80, ""),BI80, "")) | BT80: =VLOOKUP(A80,[2]Hoja1!$A$2:$B$123,2,FALSE) -> BIL | BU80: 18 | BV80: jeimy | BW80: =VLOOKUP(A80,[2]PE04!$A$7:$A$328,1,FALSE) -> 3070296 | BX80: =IFERROR(VLOOKUP( 5,[2]PE04!A5:G332,8,FALSE), "No encontrado") -> No encontrado
A81: 3070313 | B81: TECNOLOGO | C81: 33 | D81: ANALISIS Y DESARROLLO DE SOFTWARE | E81: 16/09/2024 | F81: =IF( OR(((ROUND((G81-E81)/30,0))=27),((ROUND((G81-E81)/30,0))=15)), EDATE(G81,-6), IF( (ROUND((G81-E81)/30,0))=12, EDATE(G81,-3), IF( (ROUND((G81-E81)/30,0))=9, EDATE(G81,0),"CALCULAR"))) -> 46188 | G81: 15/12/2026 | H81: GUSTAVO ADOLFO MARUN SUAREZ | I81: GUSTAVO ADOLFO MARUN SUAREZ | J81: LUIS ARTURO BASTIDAS | M81: DAVID EDUARDO LEON | N81: KAREN DAYANA CASTAÑEDA/JEIMMY LILIANA CASTILLO | O81: KAREN DAYANA CASTAÑEDA | P81: JESUS ANTONIO FIGUEROA GUERRERO | Q81: MAT TIC COM INV FIS EMP ETI SST CUL DER | R81: MAT TIC COM INV FIS EMP ETI SST CUL DER | Y81: MAT | Z81: CINDY CRISTINA CEBALLOS MALDONADO | AA81: ETI | AB81: NELLYS JANETH BLANCO RODRIGUEZ | AC81: TIC | AD81: ERICK RUIZ NOREÑA | AE81: FIS | AF81: CAMILO ERNESTO CALDERON GALINDO | AG81: EMP | AH81: ESTEFANIA SANDOVAL CRUZ | AK81: DER | AL81: DORIS AMPARO PORTILLA PABON | AO81: SST | AP81: DEISY JULIETH GARCIA CASTAÑEDA | AW81: CUL | AX81: =IFERROR(VLOOKUP(A81,_p7_2025,2,FALSE),"") -> MELISSA ANDREA LAITON GARNICA | BA81: COM | BB81: =VLOOKUP(A81,_p8_2025,2,FALSE) -> JORGE ARMANDO PIEDRAHITA | BE81: INV | BF81: CINDY YOHANA BOHORQUEZ GARZON | BK81: DAVID BAUTISTA ROMERO | BP81: INV | BQ81: =TRIM(SUBSTITUTE(SUBSTITUTE(SUBSTITUTE(SUBSTITUTE(SUBSTITUTE(SUBSTITUTE(SUBSTITUTE(SUBSTITUTE(SUBSTITUTE(SUBSTITUTE(SUBSTITUTE(SUBSTITUTE(SUBSTITUTE(SUBSTITUTE(SUBSTITUTE(SUBSTITUTE(Q81, Y81, ""), AA81, ""), AC81, ""), AE81, ""), AG81, ""), AK81, ""), AO81, ""), AQ81, ""), AS81, ""), AU81, ""), AW81, ""), AY81, ""), BA81, ""), BC81, ""), BE81, ""), BG81, "")) | BS81: =TRIM(SUBSTITUTE(SUBSTITUTE(SUBSTITUTE(SUBSTITUTE(SUBSTITUTE(SUBSTITUTE(SUBSTITUTE(SUBSTITUTE(SUBSTITUTE(SUBSTITUTE(SUBSTITUTE(SUBSTITUTE(SUBSTITUTE(SUBSTITUTE(SUBSTITUTE(SUBSTITUTE(SUBSTITUTE(Q81, Y81, ""), AA81, ""), AC81, ""), AE81, ""), AG81, ""), AK81, ""), AO81, ""), AQ81, ""), AS81, ""), AU81, ""), AW81, ""), AY81, ""), BA81, ""), BC81, ""), BE81, ""), BG81, ""),BI81, "")) | BT81: =VLOOKUP(A81,[2]Hoja1!$A$2:$B$123,2,FALSE) -> BIL | BU81: 18 | BV81: jeimy | BW81: =VLOOKUP(A81,[2]PE04!$A$7:$A$328,1,FALSE) -> 3070313 | BX81: =IFERROR(VLOOKUP( 5,[2]PE04!A6:G333,8,FALSE), "No encontrado") -> No encontrado
A82: 3070314 | B82: TECNOLOGO | C82: 35 | D82: ANALISIS Y DESARROLLO DE SOFTWARE | E82: 16/09/2024 | F82: =IF( OR(((ROUND((G82-E82)/30,0))=27),((ROUND((G82-E82)/30,0))=15)), EDATE(G82,-6), IF( (ROUND((G82-E82)/30,0))=12, EDATE(G82,-3), IF( (ROUND((G82-E82)/30,0))=9, EDATE(G82,0),"CALCULAR"))) -> 46188 | G82: 15/12/2026 | H82: GUSTAVO ADOLFO MARUN SUAREZ | I82: GUSTAVO ADOLFO MARUN SUAREZ | J82: LUIS ARTURO BASTIDAS | M82: DAVID EDUARDO LEON | N82: JULIAN FERNANDO GARNICA SEPULVEDA | O82: JULIAN FERNANDO GARNICA SEPULVEDA | P82: JESUS ANTONIO FIGUEROA GUERRERO | Q82: MAT TIC COM INV FIS EMP ETI SST CUL DER | R82: MAT TIC COM INV FIS EMP ETI SST CUL DER | Y82: MAT | Z82: ELKIN DURAN MANCIPE | AA82: ETI | AB82: LISET NUNEZ RODRIGUEZ | AC82: TIC | AD82: ERICK RUIZ NOREÑA | AE82: FIS | AF82: CAMILO ERNESTO CALDERON GALINDO | AG82: CUL | AH82: MELISSA ANDREA LAITON GARNICA | AK82: EMP | AL82: ALBERTO ANTONIO TAPIA TORRES | AO82: SST | AP82: JORGE IVAN PEREZ GAITAN | AS82: COM | AT82: JORGE ARMANDO PIEDRAHITA CABRERA | AX82: =IFERROR(VLOOKUP(A82,_p7_2025,2,FALSE),"") | BA82: INV | BB82: =VLOOKUP(A82,_p8_2025,2,FALSE) -> CINDY YOHANA BOHORQUEZ GARZON | BE82: DER | BF82: MARIA CAROLINA GOMEZ CALLE | BK82: DAVID BAUTISTA ROMERO | BP82: DER | BQ82: =TRIM(SUBSTITUTE(SUBSTITUTE(SUBSTITUTE(SUBSTITUTE(SUBSTITUTE(SUBSTITUTE(SUBSTITUTE(SUBSTITUTE(SUBSTITUTE(SUBSTITUTE(SUBSTITUTE(SUBSTITUTE(SUBSTITUTE(SUBSTITUTE(SUBSTITUTE(SUBSTITUTE(Q82, Y82, ""), AA82, ""), AC82, ""), AE82, ""), AG82, ""), AK82, ""), AO82, ""), AQ82, ""), AS82, ""), AU82, ""), AW82, ""), AY82, ""), BA82, ""), BC82, ""), BE82, ""), BG82, "")) | BS82: =TRIM(SUBSTITUTE(SUBSTITUTE(SUBSTITUTE(SUBSTITUTE(SUBSTITUTE(SUBSTITUTE(SUBSTITUTE(SUBSTITUTE(SUBSTITUTE(SUBSTITUTE(SUBSTITUTE(SUBSTITUTE(SUBSTITUTE(SUBSTITUTE(SUBSTITUTE(SUBSTITUTE(SUBSTITUTE(Q82, Y82, ""), AA82, ""), AC82, ""), AE82, ""), AG82, ""), AK82, ""), AO82, ""), AQ82, ""), AS82, ""), AU82, ""), AW82, ""), AY82, ""), BA82, ""), BC82, ""), BE82, ""), BG82, ""),BI82, "")) | BT82: =VLOOKUP(A82,[2]Hoja1!$A$2:$B$123,2,FALSE) -> BIL | BU82: 10 | BV82: actual | BW82: =VLOOKUP(A82,[2]PE04!$A$7:$A$328,1,FALSE) -> 3070314 | BX82: =IFERROR(VLOOKUP( 5,[2]PE04!A7:G334,8,FALSE), "No encontrado") -> No encontrado
A83: 3070315 | B83: TECNOLOGO | C83: 38 | D83: ANALISIS Y DESARROLLO DE SOFTWARE | E83: 16/09/2024 | F83: =IF( OR(((ROUND((G83-E83)/30,0))=27),((ROUND((G83-E83)/30,0))=15)), EDATE(G83,-6), IF( (ROUND((G83-E83)/30,0))=12, EDATE(G83,-3), IF( (ROUND((G83-E83)/30,0))=9, EDATE(G83,0),"CALCULAR"))) -> 46188 | G83: 15/12/2026 | H83: GUSTAVO ADOLFO MARUN SUAREZ | I83: GUSTAVO ADOLFO MARUN SUAREZ | J83: LUIS ARTURO BASTIDAS | M83: DAVID EDUARDO LEON | N83: JULIAN FERNANDO GARNICA SEPULVEDA | O83: JULIAN FERNANDO GARNICA SEPULVEDA | P83: JESUS ANTONIO FIGUEROA GUERRERO | Q83: MAT TIC COM INV FIS EMP ETI SST CUL DER | R83: MAT TIC COM INV FIS EMP ETI SST CUL DER | Y83: MAT | Z83: CINDY CRISTINA CEBALLOS MALDONADO | AA83: ETI | AB83: STEPHANIE DURAN BARRAGAN | AE83: FIS | AF83: CAMILO ERNESTO CALDERON GALINDO | AG83: CUL | AH83: MELISSA ANDREA LAITON GARNICA | AK83: EMP | AL83: ESTEFANIA SANDOVAL CRUZ | AS83: TIC | AT83: SONIA PATRICIA CASTAÑEDA CAYCEDO | AW83: DER | AX83: =IFERROR(VLOOKUP(A83,_p7_2025,2,FALSE),"") -> MARIA CAROLINA GOMEZ CALLE | BA83: SST | BB83: =VLOOKUP(A83,_p8_2025,2,FALSE) -> JORGE IVAN PEREZ GAITAN | BE83: COM | BF83: CESAR AUGUSTO BERMEO | BI83: INV | BJ83: CINDY YOHANA BOHORQUEZ GARZON | BK83: DAVID BAUTISTA ROMERO | BP83: COM INV | BQ83: =TRIM(SUBSTITUTE(SUBSTITUTE(SUBSTITUTE(SUBSTITUTE(SUBSTITUTE(SUBSTITUTE(SUBSTITUTE(SUBSTITUTE(SUBSTITUTE(SUBSTITUTE(SUBSTITUTE(SUBSTITUTE(SUBSTITUTE(SUBSTITUTE(SUBSTITUTE(SUBSTITUTE(Q83, Y83, ""), AA83, ""), AC83, ""), AE83, ""), AG83, ""), AK83, ""), AO83, ""), AQ83, ""), AS83, ""), AU83, ""), AW83, ""), AY83, ""), BA83, ""), BC83, ""), BE83, ""), BG83, "")) -> INV | BR83: =TRIM(SUBSTITUTE(SUBSTITUTE(SUBSTITUTE(SUBSTITUTE(SUBSTITUTE(SUBSTITUTE(SUBSTITUTE(SUBSTITUTE(SUBSTITUTE(SUBSTITUTE(SUBSTITUTE(SUBSTITUTE(SUBSTITUTE(SUBSTITUTE(SUBSTITUTE(SUBSTITUTE(SUBSTITUTE(Q83, Y83, ""), AA83, ""), AC83, ""), AE83, ""), AG83, ""), AK83, ""), AO83, ""), AQ83, ""), AS83, ""), AU83, ""), AW83, ""), AY83, ""), BA83, ""), BC83, ""), BE83, ""), BG83, ""),BI83, "")) | BS83: =TRIM(SUBSTITUTE(SUBSTITUTE(SUBSTITUTE(SUBSTITUTE(SUBSTITUTE(SUBSTITUTE(SUBSTITUTE(SUBSTITUTE(SUBSTITUTE(SUBSTITUTE(SUBSTITUTE(SUBSTITUTE(SUBSTITUTE(SUBSTITUTE(SUBSTITUTE(SUBSTITUTE(SUBSTITUTE(Q83, Y83, ""), AA83, ""), AC83, ""), AE83, ""), AG83, ""), AK83, ""), AO83, ""), AQ83, ""), AS83, ""), AU83, ""), AW83, ""), AY83, ""), BA83, ""), BC83, ""), BE83, ""), BG83, ""),BI83, "")) | BT83: =VLOOKUP(A83,[2]Hoja1!$A$2:$B$123,2,FALSE) -> BIL | BU83: 12 | BV83: actual | BW83: =VLOOKUP(A83,[2]PE04!$A$7:$A$328,1,FALSE) -> 3070315 | BX83: =IFERROR(VLOOKUP( 5,[2]PE04!A8:G335,8,FALSE), "No encontrado") -> No encontrado
A84: 3070316 | B84: TECNOLOGO | C84: 35 | D84: ANALISIS Y DESARROLLO DE SOFTWARE | E84: 16/09/2024 | F84: =IF( OR(((ROUND((G84-E84)/30,0))=27),((ROUND((G84-E84)/30,0))=15)), EDATE(G84,-6), IF( (ROUND((G84-E84)/30,0))=12, EDATE(G84,-3), IF( (ROUND((G84-E84)/30,0))=9, EDATE(G84,0),"CALCULAR"))) -> 46188 | G84: 15/12/2026 | H84: GUSTAVO ADOLFO MARUN SUAREZ | I84: GUSTAVO ADOLFO MARUN SUAREZ | J84: LUIS ARTURO BASTIDAS | M84: CAMILO ERNESTO PARRA LOPEZ | N84: MARIA ANGELICA VEGA TORO | O84: MARIA ANGELICA VEGA TORO | P84: CAMILO ERNESTO PARRA LOPEZ | Q84: MAT TIC COM INV FIS EMP ETI SST CUL DER | R84: MAT TIC COM INV FIS EMP ETI SST CUL DER | Y84: MAT | Z84: ELKIN DURAN MANCIPE | AA84: ETI | AB84: NELLYS JANETH BLANCO RODRIGUEZ | AE84: FIS | AF84: CAMILO ERNESTO CALDERON GALINDO | AG84: CUL | AH84: MELISSA ANDREA LAITON GARNICA | AK84: EMP | AL84: ALBERTO ANTONIO TAPIA TORRES | AS84: TIC | AT84: ERICK RUIZ NOREÑA | AW84: DER | AX84: =IFERROR(VLOOKUP(A84,_p7_2025,2,FALSE),"") -> LAURA STHEPHANIA SANCHEZ PABON | BA84: SST | BB84: =VLOOKUP(A84,_p8_2025,2,FALSE) -> JORGE IVAN PEREZ GAITAN | BE84: COM | BF84: CESAR AUGUSTO BERMEO | BI84: INV | BJ84: CINDY YOHANA BOHORQUEZ GARZON | BK84: DAVID BAUTISTA ROMERO | BP84: COM INV | BQ84: =TRIM(SUBSTITUTE(SUBSTITUTE(SUBSTITUTE(SUBSTITUTE(SUBSTITUTE(SUBSTITUTE(SUBSTITUTE(SUBSTITUTE(SUBSTITUTE(SUBSTITUTE(SUBSTITUTE(SUBSTITUTE(SUBSTITUTE(SUBSTITUTE(SUBSTITUTE(SUBSTITUTE(Q84, Y84, ""), AA84, ""), AC84, ""), AE84, ""), AG84, ""), AK84, ""), AO84, ""), AQ84, ""), AS84, ""), AU84, ""), AW84, ""), AY84, ""), BA84, ""), BC84, ""), BE84, ""), BG84, "")) -> INV | BR84: =TRIM(SUBSTITUTE(SUBSTITUTE(SUBSTITUTE(SUBSTITUTE(SUBSTITUTE(SUBSTITUTE(SUBSTITUTE(SUBSTITUTE(SUBSTITUTE(SUBSTITUTE(SUBSTITUTE(SUBSTITUTE(SUBSTITUTE(SUBSTITUTE(SUBSTITUTE(SUBSTITUTE(SUBSTITUTE(Q84, Y84, ""), AA84, ""), AC84, ""), AE84, ""), AG84, ""), AK84, ""), AO84, ""), AQ84, ""), AS84, ""), AU84, ""), AW84, ""), AY84, ""), BA84, ""), BC84, ""), BE84, ""), BG84, ""),BI84, "")) | BS84: =TRIM(SUBSTITUTE(SUBSTITUTE(SUBSTITUTE(SUBSTITUTE(SUBSTITUTE(SUBSTITUTE(SUBSTITUTE(SUBSTITUTE(SUBSTITUTE(SUBSTITUTE(SUBSTITUTE(SUBSTITUTE(SUBSTITUTE(SUBSTITUTE(SUBSTITUTE(SUBSTITUTE(SUBSTITUTE(Q84, Y84, ""), AA84, ""), AC84, ""), AE84, ""), AG84, ""), AK84, ""), AO84, ""), AQ84, ""), AS84, ""), AU84, ""), AW84, ""), AY84, ""), BA84, ""), BC84, ""), BE84, ""), BG84, ""),BI84, "")) | BT84: =VLOOKUP(A84,[2]Hoja1!$A$2:$B$123,2,FALSE) -> BIL | BU84: 12 | BV84: actual | BW84: =VLOOKUP(A84,[2]PE04!$A$7:$A$328,1,FALSE) -> 3070316 | BX84: =IFERROR(VLOOKUP( 5,[2]PE04!A9:G336,8,FALSE), "No encontrado") -> No encontrado
A85: 3070317 | B85: TECNOLOGO | C85: 36 | D85: ANALISIS Y DESARROLLO DE SOFTWARE | E85: 16/09/2024 | F85: =IF( OR(((ROUND((G85-E85)/30,0))=27),((ROUND((G85-E85)/30,0))=15)), EDATE(G85,-6), IF( (ROUND((G85-E85)/30,0))=12, EDATE(G85,-3), IF( (ROUND((G85-E85)/30,0))=9, EDATE(G85,0),"CALCULAR"))) -> 46188 | G85: 15/12/2026 | H85: JHON MANUEL SOTO CALA | I85: JHON MANUEL SOTO CALA | J85: LUIS ARTURO BASTIDAS | M85: CAMILO ERNESTO PARRA LOPEZ | N85: MARIA ANGELICA VEGA TORO/JEIMMY LILIANA CASTILLA | O85: MARIA ANGELICA VEGA TORO | P85: CAMILO ERNESTO PARRA LOPEZ | Q85: MAT TIC COM INV FIS EMP ETI SST CUL DER | R85: MAT TIC COM INV FIS EMP ETI SST CUL DER | Y85: MAT | Z85: JULIANA HERNANDEZ BARRERA | AA85: ETI | AB85: LISET NUNEZ RODRIGUEZ | AE85: FIS | AF85: CAMILO ERNESTO CALDERON GALINDO | AG85: CUL | AH85: MELISSA ANDREA LAITON GARNICA | AK85: EMP | AL85: LUIS ARTURO BASTIDAS | AS85: TIC | AT85: SONIA PATRICIA CASTAÑEDA CAYCEDO | AW85: DER | AX85: =IFERROR(VLOOKUP(A85,_p7_2025,2,FALSE),"") -> HECTOR ANDRES CIPAMOCHA CENTENO | BA85: SST | BB85: =VLOOKUP(A85,_p8_2025,2,FALSE) -> DEISY JULIETH GARCIA CASTAÑEDA | BE85: COM | BF85: CESAR AUGUSTO BERMEO | BI85: INV | BJ85: CINDY YOHANA BOHORQUEZ GARZON | BK85: DAVID BAUTISTA ROMERO | BP85: COM INV | BQ85: =TRIM(SUBSTITUTE(SUBSTITUTE(SUBSTITUTE(SUBSTITUTE(SUBSTITUTE(SUBSTITUTE(SUBSTITUTE(SUBSTITUTE(SUBSTITUTE(SUBSTITUTE(SUBSTITUTE(SUBSTITUTE(SUBSTITUTE(SUBSTITUTE(SUBSTITUTE(SUBSTITUTE(Q85, Y85, ""), AA85, ""), AC85, ""), AE85, ""), AG85, ""), AK85, ""), AO85, ""), AQ85, ""), AS85, ""), AU85, ""), AW85, ""), AY85, ""), BA85, ""), BC85, ""), BE85, ""), BG85, "")) -> INV | BR85: =TRIM(SUBSTITUTE(SUBSTITUTE(SUBSTITUTE(SUBSTITUTE(SUBSTITUTE(SUBSTITUTE(SUBSTITUTE(SUBSTITUTE(SUBSTITUTE(SUBSTITUTE(SUBSTITUTE(SUBSTITUTE(SUBSTITUTE(SUBSTITUTE(SUBSTITUTE(SUBSTITUTE(SUBSTITUTE(Q85, Y85, ""), AA85, ""), AC85, ""), AE85, ""), AG85, ""), AK85, ""), AO85, ""), AQ85, ""), AS85, ""), AU85, ""), AW85, ""), AY85, ""), BA85, ""), BC85, ""), BE85, ""), BG85, ""),BI85, "")) | BS85: =TRIM(SUBSTITUTE(SUBSTITUTE(SUBSTITUTE(SUBSTITUTE(SUBSTITUTE(SUBSTITUTE(SUBSTITUTE(SUBSTITUTE(SUBSTITUTE(SUBSTITUTE(SUBSTITUTE(SUBSTITUTE(SUBSTITUTE(SUBSTITUTE(SUBSTITUTE(SUBSTITUTE(SUBSTITUTE(Q85, Y85, ""), AA85, ""), AC85, ""), AE85, ""), AG85, ""), AK85, ""), AO85, ""), AQ85, ""), AS85, ""), AU85, ""), AW85, ""), AY85, ""), BA85, ""), BC85, ""), BE85, ""), BG85, ""),BI85, "")) | BT85: =VLOOKUP(A85,[2]Hoja1!$A$2:$B$123,2,FALSE) -> BIL | BU85: 18 | BV85: jeimy | BW85: =VLOOKUP(A85,[2]PE04!$A$7:$A$328,1,FALSE) -> 3070317 | BX85: =IFERROR(VLOOKUP( 5,[2]PE04!A10:G337,8,FALSE), "No encontrado") -> No encontrado
A86: 3070318 | B86: TECNOLOGO | C86: 36 | D86: ANALISIS Y DESARROLLO DE SOFTWARE | E86: 16/09/2024 | F86: =IF( OR(((ROUND((G86-E86)/30,0))=27),((ROUND((G86-E86)/30,0))=15)), EDATE(G86,-6), IF( (ROUND((G86-E86)/30,0))=12, EDATE(G86,-3), IF( (ROUND((G86-E86)/30,0))=9, EDATE(G86,0),"CALCULAR"))) -> 46188 | G86: 15/12/2026 | H86: JHON MANUEL SOTO CALA | I86: JHON MANUEL SOTO CALA | J86: LUIS ARTURO BASTIDAS | M86: CAMILO ERNESTO PARRA LOPEZ | N86: ANGELA JULIETTE SILVA VELANDIA | O86: ANGELA JULIETTE SILVA VELANDIA | P86: CAMILO ERNESTO PARRA LOPEZ | Q86: MAT TIC COM INV FIS EMP ETI SST CUL DER | R86: MAT TIC COM INV FIS EMP ETI SST CUL DER | Y86: MAT | Z86: ELKIN DURAN MANCIPE | AA86: ETI | AB86: NELLYS JANETH BLANCO RODRIGUEZ | AC86: SST | AD86: DEISY JULIETH GARCIA CASTAÑEDA | AE86: TIC | AF86: CRISTINA CASTAÑO CASTILLO | AG86: CUL | AH86: CHRISTIAN CAMILO RODRIGUEZ SALAS | AK86: DER | AL86: LAURA STHEPHANIA SANCHEZ PABON | AO86: EMP | AP86: ALBERTO ANTONIO TAPIA TORRES | AS86: FIS | AT86: CAMILO ERNESTO CALDERON GALINDO | AX86: =IFERROR(VLOOKUP(A86,_p7_2025,2,FALSE),"") | BA86: COM | BB86: =VLOOKUP(A86,_p8_2025,2,FALSE) -> CESAR AUGUSTO BERMEO | BE86: INV | BF86: CINDY YOHANA BOHORQUEZ GARZON | BK86: DAVID BAUTISTA ROMERO | BP86: INV | BQ86: =TRIM(SUBSTITUTE(SUBSTITUTE(SUBSTITUTE(SUBSTITUTE(SUBSTITUTE(SUBSTITUTE(SUBSTITUTE(SUBSTITUTE(SUBSTITUTE(SUBSTITUTE(SUBSTITUTE(SUBSTITUTE(SUBSTITUTE(SUBSTITUTE(SUBSTITUTE(SUBSTITUTE(Q86, Y86, ""), AA86, ""), AC86, ""), AE86, ""), AG86, ""), AK86, ""), AO86, ""), AQ86, ""), AS86, ""), AU86, ""), AW86, ""), AY86, ""), BA86, ""), BC86, ""), BE86, ""), BG86, "")) | BS86: =TRIM(SUBSTITUTE(SUBSTITUTE(SUBSTITUTE(SUBSTITUTE(SUBSTITUTE(SUBSTITUTE(SUBSTITUTE(SUBSTITUTE(SUBSTITUTE(SUBSTITUTE(SUBSTITUTE(SUBSTITUTE(SUBSTITUTE(SUBSTITUTE(SUBSTITUTE(SUBSTITUTE(SUBSTITUTE(Q86, Y86, ""), AA86, ""), AC86, ""), AE86, ""), AG86, ""), AK86, ""), AO86, ""), AQ86, ""), AS86, ""), AU86, ""), AW86, ""), AY86, ""), BA86, ""), BC86, ""), BE86, ""), BG86, ""),BI86, "")) | BT86: =VLOOKUP(A86,[2]Hoja1!$A$2:$B$123,2,FALSE) -> BIL | BU86: 19 | BV86: actual | BW86: =VLOOKUP(A86,[2]PE04!$A$7:$A$328,1,FALSE) -> 3070318 | BX86: =IFERROR(VLOOKUP( 5,[2]PE04!A11:G338,8,FALSE), "No encontrado") -> No encontrado
A87: 3070319 | B87: TECNOLOGO | C87: 35 | D87: ANALISIS Y DESARROLLO DE SOFTWARE | E87: 16/09/2024 | F87: =IF( OR(((ROUND((G87-E87)/30,0))=27),((ROUND((G87-E87)/30,0))=15)), EDATE(G87,-6), IF( (ROUND((G87-E87)/30,0))=12, EDATE(G87,-3), IF( (ROUND((G87-E87)/30,0))=9, EDATE(G87,0),"CALCULAR"))) -> 46188 | G87: 15/12/2026 | H87: JHON MANUEL SOTO CALA | I87: JHON MANUEL SOTO CALA | J87: LUIS ARTURO BASTIDAS | M87: CAMILO ERNESTO PARRA LOPEZ | N87: ANGELA JULIETTE SILVA VELANDIA | O87: ANGELA JULIETTE SILVA VELANDIA | P87: CAMILO ERNESTO PARRA LOPEZ | Q87: MAT TIC COM INV FIS EMP ETI SST CUL DER | R87: MAT TIC COM INV FIS EMP ETI SST CUL DER | Y87: MAT | Z87: CINDY CRISTINA CEBALLOS MALDONADO | AA87: ETI | AB87: IVAN DARIO RODRIGUEZ BUSTAMANTE | AE87: TIC | AF87: CRISTINA CASTAÑO CASTILLO | AG87: CUL | AH87: CHRISTIAN CAMILO RODRIGUEZ SALAS | AK87: EMP | AL87: ALBERTO ANTONIO TAPIA TORRES | AS87: DER | AT87: LAURA STHEPHANIA SANCHEZ PABON | AW87: FIS | AX87: =IFERROR(VLOOKUP(A87,_p7_2025,2,FALSE),"") -> CAMILO ERNESTO CALDERON GALINDO | BA87: SST | BB87: =VLOOKUP(A87,_p8_2025,2,FALSE) -> MARINELLA DIAZ ACOSTA | BE87: INV | BF87: CINDY YOHANA BOHORQUEZ GARZON | BI87: COM | BJ87: JORGE ARMANDO PIEDRAHITA CABRERA | BK87: DAVID BAUTISTA ROMERO | BP87: COM INV | BQ87: =TRIM(SUBSTITUTE(SUBSTITUTE(SUBSTITUTE(SUBSTITUTE(SUBSTITUTE(SUBSTITUTE(SUBSTITUTE(SUBSTITUTE(SUBSTITUTE(SUBSTITUTE(SUBSTITUTE(SUBSTITUTE(SUBSTITUTE(SUBSTITUTE(SUBSTITUTE(SUBSTITUTE(Q87, Y87, ""), AA87, ""), AC87, ""), AE87, ""), AG87, ""), AK87, ""), AO87, ""), AQ87, ""), AS87, ""), AU87, ""), AW87, ""), AY87, ""), BA87, ""), BC87, ""), BE87, ""), BG87, "")) -> COM | BR87: =TRIM(SUBSTITUTE(SUBSTITUTE(SUBSTITUTE(SUBSTITUTE(SUBSTITUTE(SUBSTITUTE(SUBSTITUTE(SUBSTITUTE(SUBSTITUTE(SUBSTITUTE(SUBSTITUTE(SUBSTITUTE(SUBSTITUTE(SUBSTITUTE(SUBSTITUTE(SUBSTITUTE(SUBSTITUTE(Q87, Y87, ""), AA87, ""), AC87, ""), AE87, ""), AG87, ""), AK87, ""), AO87, ""), AQ87, ""), AS87, ""), AU87, ""), AW87, ""), AY87, ""), BA87, ""), BC87, ""), BE87, ""), BG87, ""),BI87, "")) | BS87: =TRIM(SUBSTITUTE(SUBSTITUTE(SUBSTITUTE(SUBSTITUTE(SUBSTITUTE(SUBSTITUTE(SUBSTITUTE(SUBSTITUTE(SUBSTITUTE(SUBSTITUTE(SUBSTITUTE(SUBSTITUTE(SUBSTITUTE(SUBSTITUTE(SUBSTITUTE(SUBSTITUTE(SUBSTITUTE(Q87, Y87, ""), AA87, ""), AC87, ""), AE87, ""), AG87, ""), AK87, ""), AO87, ""), AQ87, ""), AS87, ""), AU87, ""), AW87, ""), AY87, ""), BA87, ""), BC87, ""), BE87, ""), BG87, ""),BI87, "")) | BT87: =VLOOKUP(A87,[2]Hoja1!$A$2:$B$123,2,FALSE) -> BIL | BU87: 18 | BV87: actual | BW87: =VLOOKUP(A87,[2]PE04!$A$7:$A$328,1,FALSE) -> 3070319 | BX87: =IFERROR(VLOOKUP( 5,[2]PE04!A12:G339,8,FALSE), "No encontrado") -> No encontrado
A88: 3070320 | B88: TECNOLOGO | C88: 35 | D88: ANALISIS Y DESARROLLO DE SOFTWARE | E88: 16/09/2024 | F88: =IF( OR(((ROUND((G88-E88)/30,0))=27),((ROUND((G88-E88)/30,0))=15)), EDATE(G88,-6), IF( (ROUND((G88-E88)/30,0))=12, EDATE(G88,-3), IF( (ROUND((G88-E88)/30,0))=9, EDATE(G88,0),"CALCULAR"))) -> 46188 | G88: 15/12/2026 | H88: JHON MANUEL SOTO CALA | I88: JHON MANUEL SOTO CALA | J88: LUIS ARTURO BASTIDAS | M88: CAMILO ERNESTO PARRA LOPEZ | N88: JORGE ANDRES BERNAL/JEIMMY LILIANA CASTILLO | O88: DAVID BAUTISTA ROMERO | P88: FERNANDO FORERO GOMEZ | Q88: MAT TIC COM INV FIS EMP ETI SST CUL DER | R88: MAT TIC COM INV FIS EMP ETI SST CUL DER | Y88: MAT | Z88: ELKIN DURAN MANCIPE | AA88: ETI | AB88: IVAN DARIO RODRIGUEZ BUSTAMANTE | AE88: TIC | AF88: ERICK RUIZ NOREÑA | AG88: CUL | AH88: MELISSA ANDREA LAITON GARNICA | AK88: EMP | AL88: YESENIA PATRICIA PINEDA JARAMILLO | AS88: DER | AT88: LAURA STHEPHANIA SANCHEZ PABON | AW88: FIS | AX88: =IFERROR(VLOOKUP(A88,_p7_2025,2,FALSE),"") -> CAMILO ERNESTO CALDERON GALINDO | BA88: SST | BB88: =VLOOKUP(A88,_p8_2025,2,FALSE) -> JORGE IVAN PEREZ GAITAN | BE88: COM | BF88: CESAR AUGUSTO BERMEO | BI88: INV | BJ88: CINDY YOHANA BOHORQUEZ GARZON | BK88: DAVID BAUTISTA ROMERO | BP88: COM INV | BQ88: =TRIM(SUBSTITUTE(SUBSTITUTE(SUBSTITUTE(SUBSTITUTE(SUBSTITUTE(SUBSTITUTE(SUBSTITUTE(SUBSTITUTE(SUBSTITUTE(SUBSTITUTE(SUBSTITUTE(SUBSTITUTE(SUBSTITUTE(SUBSTITUTE(SUBSTITUTE(SUBSTITUTE(Q88, Y88, ""), AA88, ""), AC88, ""), AE88, ""), AG88, ""), AK88, ""), AO88, ""), AQ88, ""), AS88, ""), AU88, ""), AW88, ""), AY88, ""), BA88, ""), BC88, ""), BE88, ""), BG88, "")) -> INV | BR88: =TRIM(SUBSTITUTE(SUBSTITUTE(SUBSTITUTE(SUBSTITUTE(SUBSTITUTE(SUBSTITUTE(SUBSTITUTE(SUBSTITUTE(SUBSTITUTE(SUBSTITUTE(SUBSTITUTE(SUBSTITUTE(SUBSTITUTE(SUBSTITUTE(SUBSTITUTE(SUBSTITUTE(SUBSTITUTE(Q88, Y88, ""), AA88, ""), AC88, ""), AE88, ""), AG88, ""), AK88, ""), AO88, ""), AQ88, ""), AS88, ""), AU88, ""), AW88, ""), AY88, ""), BA88, ""), BC88, ""), BE88, ""), BG88, ""),BI88, "")) | BS88: =TRIM(SUBSTITUTE(SUBSTITUTE(SUBSTITUTE(SUBSTITUTE(SUBSTITUTE(SUBSTITUTE(SUBSTITUTE(SUBSTITUTE(SUBSTITUTE(SUBSTITUTE(SUBSTITUTE(SUBSTITUTE(SUBSTITUTE(SUBSTITUTE(SUBSTITUTE(SUBSTITUTE(SUBSTITUTE(Q88, Y88, ""), AA88, ""), AC88, ""), AE88, ""), AG88, ""), AK88, ""), AO88, ""), AQ88, ""), AS88, ""), AU88, ""), AW88, ""), AY88, ""), BA88, ""), BC88, ""), BE88, ""), BG88, ""),BI88, "")) | BT88: =VLOOKUP(A88,[2]Hoja1!$A$2:$B$123,2,FALSE) -> BIL | BU88: 18 | BV88: jeimy | BW88: =VLOOKUP(A88,[2]PE04!$A$7:$A$328,1,FALSE) -> 3070320 | BX88: =IFERROR(VLOOKUP( 5,[2]PE04!A13:G340,8,FALSE), "No encontrado") -> No encontrado
A89: 3070321 | B89: TECNOLOGO | C89: 31 | D89: ANALISIS Y DESARROLLO DE SOFTWARE | E89: 16/09/2024 | F89: =IF( OR(((ROUND((G89-E89)/30,0))=27),((ROUND((G89-E89)/30,0))=15)), EDATE(G89,-6), IF( (ROUND((G89-E89)/30,0))=12, EDATE(G89,-3), IF( (ROUND((G89-E89)/30,0))=9, EDATE(G89,0),"CALCULAR"))) -> 46188 | G89: 15/12/2026 | H89: JHON MANUEL SOTO CALA | I89: JHON MANUEL SOTO CALA | J89: LUIS ARTURO BASTIDAS | M89: CAMILO ERNESTO PARRA LOPEZ | N89: JORGE ANDRES BERNAL/JEIMMY LILIANA CASTILLO | O89: DAVID BAUTISTA ROMERO | P89: FERNANDO FORERO GOMEZ | Q89: MAT TIC COM INV FIS EMP ETI SST CUL DER | R89: MAT TIC COM INV FIS EMP ETI SST CUL DER | Y89: MAT | Z89: JULIANA HERNANDEZ BARRERA | AA89: ETI | AB89: NELSON ALFREDO VARGAS MORA | AE89: TIC | AF89: ERICK RUIZ NOREÑA | AG89: CUL | AH89: MELISSA ANDREA LAITON GARNICA | AK89: EMP | AL89: YESENIA PATRICIA PINEDA JARAMILLO | AS89: DER | AT89: MARIA CAROLINA GOMEZ CALLE | AW89: FIS | AX89: =IFERROR(VLOOKUP(A89,_p7_2025,2,FALSE),"") -> CAMILO ERNESTO CALDERON GALINDO | BE89: COM | BF89: CESAR AUGUSTO BERMEO | BG89: SST | BH89: DEISY JULIETH GARCIA CASTAÑEDA | BI89: INV | BJ89: CINDY YOHANA BOHORQUEZ GARZON | BK89: DAVID BAUTISTA ROMERO | BP89: COM INV SST | BQ89: =TRIM(SUBSTITUTE(SUBSTITUTE(SUBSTITUTE(SUBSTITUTE(SUBSTITUTE(SUBSTITUTE(SUBSTITUTE(SUBSTITUTE(SUBSTITUTE(SUBSTITUTE(SUBSTITUTE(SUBSTITUTE(SUBSTITUTE(SUBSTITUTE(SUBSTITUTE(SUBSTITUTE(Q89, Y89, ""), AA89, ""), AC89, ""), AE89, ""), AG89, ""), AK89, ""), AO89, ""), AQ89, ""), AS89, ""), AU89, ""), AW89, ""), AY89, ""), BA89, ""), BC89, ""), BE89, ""), BG89, "")) -> INV | BR89: =TRIM(SUBSTITUTE(SUBSTITUTE(SUBSTITUTE(SUBSTITUTE(SUBSTITUTE(SUBSTITUTE(SUBSTITUTE(SUBSTITUTE(SUBSTITUTE(SUBSTITUTE(SUBSTITUTE(SUBSTITUTE(SUBSTITUTE(SUBSTITUTE(SUBSTITUTE(SUBSTITUTE(SUBSTITUTE(Q89, Y89, ""), AA89, ""), AC89, ""), AE89, ""), AG89, ""), AK89, ""), AO89, ""), AQ89, ""), AS89, ""), AU89, ""), AW89, ""), AY89, ""), BA89, ""), BC89, ""), BE89, ""), BG89, ""),BI89, "")) | BS89: =TRIM(SUBSTITUTE(SUBSTITUTE(SUBSTITUTE(SUBSTITUTE(SUBSTITUTE(SUBSTITUTE(SUBSTITUTE(SUBSTITUTE(SUBSTITUTE(SUBSTITUTE(SUBSTITUTE(SUBSTITUTE(SUBSTITUTE(SUBSTITUTE(SUBSTITUTE(SUBSTITUTE(SUBSTITUTE(Q89, Y89, ""), AA89, ""), AC89, ""), AE89, ""), AG89, ""), AK89, ""), AO89, ""), AQ89, ""), AS89, ""), AU89, ""), AW89, ""), AY89, ""), BA89, ""), BC89, ""), BE89, ""), BG89, ""),BI89, "")) | BT89: =VLOOKUP(A89,[2]Hoja1!$A$2:$B$123,2,FALSE) -> BIL | BU89: 18 | BV89: jeimy | BW89: =VLOOKUP(A89,[2]PE04!$A$7:$A$328,1,FALSE) -> 3070321 | BX89: =IFERROR(VLOOKUP( 5,[2]PE04!A14:G341,8,FALSE), "No encontrado") -> No encontrado
A90: 3070322 | B90: TECNOLOGO | C90: 39 | D90: ANALISIS Y DESARROLLO DE SOFTWARE | E90: 16/09/2024 | F90: =IF( OR(((ROUND((G90-E90)/30,0))=27),((ROUND((G90-E90)/30,0))=15)), EDATE(G90,-6), IF( (ROUND((G90-E90)/30,0))=12, EDATE(G90,-3), IF( (ROUND((G90-E90)/30,0))=9, EDATE(G90,0),"CALCULAR"))) -> 46188 | G90: 15/12/2026 | H90: FRANCISCO ARNALDO VARGAS BERMUDEZ | I90: FRANCISCO ARNALDO VARGAS BERMUDEZ | J90: LUIS ARTURO BASTIDAS | M90: FRANCISCO ARNALDO VARGAS BERMUDEZ | N90: WILSON QUINTERO ARDILA/JEIMMY LILIANA CASTILLO | O90: WILSON QUINTERO ARDILA | P90: FRANCISCO ARNALDO VARGAS BERMUDEZ | Q90: MAT TIC COM INV FIS EMP ETI SST CUL DER | R90: MAT TIC COM INV FIS EMP ETI SST CUL DER | Y90: MAT | Z90: ELKIN DURAN MANCIPE | AA90: ETI | AB90: LISET NUNEZ RODRIGUEZ | AE90: TIC | AF90: ERICK RUIZ NOREÑA | AG90: CUL | AH90: MELISSA ANDREA LAITON GARNICA | AK90: EMP | AL90: ALBERTO ANTONIO TAPIA TORRES | AS90: DER | AT90: HECTOR ANDRES CIPAMOCHA CENTENO | AW90: FIS | AX90: =IFERROR(VLOOKUP(A90,_p7_2025,2,FALSE),"") -> CAMILO ERNESTO CALDERON GALINDO | BE90: COM | BF90: CESAR AUGUSTO BERMEO | BI90: SST | BJ90: MARINELLA DIAZ ACOSTA | BK90: DAVID BAUTISTA ROMERO | BL90: INV | BM90: CINDY YOHANA BOHORQUEZ GARZON | BP90: INV SST | BQ90: =TRIM(SUBSTITUTE(SUBSTITUTE(SUBSTITUTE(SUBSTITUTE(SUBSTITUTE(SUBSTITUTE(SUBSTITUTE(SUBSTITUTE(SUBSTITUTE(SUBSTITUTE(SUBSTITUTE(SUBSTITUTE(SUBSTITUTE(SUBSTITUTE(SUBSTITUTE(SUBSTITUTE(Q90, Y90, ""), AA90, ""), AC90, ""), AE90, ""), AG90, ""), AK90, ""), AO90, ""), AQ90, ""), AS90, ""), AU90, ""), AW90, ""), AY90, ""), BA90, ""), BC90, ""), BE90, ""), BG90, "")) -> INV SST | BR90: =TRIM(SUBSTITUTE(SUBSTITUTE(SUBSTITUTE(SUBSTITUTE(SUBSTITUTE(SUBSTITUTE(SUBSTITUTE(SUBSTITUTE(SUBSTITUTE(SUBSTITUTE(SUBSTITUTE(SUBSTITUTE(SUBSTITUTE(SUBSTITUTE(SUBSTITUTE(SUBSTITUTE(SUBSTITUTE(Q90, Y90, ""), AA90, ""), AC90, ""), AE90, ""), AG90, ""), AK90, ""), AO90, ""), AQ90, ""), AS90, ""), AU90, ""), AW90, ""), AY90, ""), BA90, ""), BC90, ""), BE90, ""), BG90, ""),BI90, "")) -> INV | BS90: =TRIM(SUBSTITUTE(SUBSTITUTE(SUBSTITUTE(SUBSTITUTE(SUBSTITUTE(SUBSTITUTE(SUBSTITUTE(SUBSTITUTE(SUBSTITUTE(SUBSTITUTE(SUBSTITUTE(SUBSTITUTE(SUBSTITUTE(SUBSTITUTE(SUBSTITUTE(SUBSTITUTE(SUBSTITUTE(Q90, Y90, ""), AA90, ""), AC90, ""), AE90, ""), AG90, ""), AK90, ""), AO90, ""), AQ90, ""), AS90, ""), AU90, ""), AW90, ""), AY90, ""), BA90, ""), BC90, ""), BE90, ""), BG90, ""),BI90, "")) -> INV | BT90: =VLOOKUP(A90,[2]Hoja1!$A$2:$B$123,2,FALSE) -> BIL | BU90: 18 | BV90: jeimy | BW90: =VLOOKUP(A90,[2]PE04!$A$7:$A$328,1,FALSE) -> 3070322 | BX90: =IFERROR(VLOOKUP( 5,[2]PE04!A15:G342,8,FALSE), "No encontrado") -> No encontrado
A91: 3070323 | B91: TECNOLOGO | C91: 37 | D91: ANALISIS Y DESARROLLO DE SOFTWARE | E91: 16/09/2024 | F91: =IF( OR(((ROUND((G91-E91)/30,0))=27),((ROUND((G91-E91)/30,0))=15)), EDATE(G91,-6), IF( (ROUND((G91-E91)/30,0))=12, EDATE(G91,-3), IF( (ROUND((G91-E91)/30,0))=9, EDATE(G91,0),"CALCULAR"))) -> 46188 | G91: 15/12/2026 | H91: FRANCISCO ARNALDO VARGAS BERMUDEZ | I91: FRANCISCO ARNALDO VARGAS BERMUDEZ | J91: LUIS ARTURO BASTIDAS | M91: FRANCISCO ARNALDO VARGAS BERMUDEZ | N91: WILSON QUINTERO ARDILA/JEIMMY LILIANA CASTILLO | O91: WILSON QUINTERO ARDILA | P91: FRANCISCO ARNALDO VARGAS BERMUDEZ | Q91: MAT TIC COM INV FIS EMP ETI SST CUL DER | R91: MAT TIC COM INV FIS EMP ETI SST CUL DER | Y91: MAT | Z91: JULIANA HERNANDEZ BARRERA | AA91: ETI | AB91: NELLYS JANETH BLANCO RODRIGUEZ | AE91: TIC | AF91: CRISTINA CASTAÑO CASTILLO | AG91: CUL | AH91: MELISSA ANDREA LAITON GARNICA | AK91: EMP | AL91: ALBERTO ANTONIO TAPIA TORRES | AS91: DER | AT91: LAURA STHEPHANIA SANCHEZ PABON | AW91: SST | AX91: =IFERROR(VLOOKUP(A91,_p7_2025,2,FALSE),"") -> MARINELLA DIAZ ACOSTA | BA91: FIS | BB91: =VLOOKUP(A91,_p8_2025,2,FALSE) -> CAMILO ERNESTO CALDERON GALINDO | BE91: COM | BF91: CESAR AUGUSTO BERMEO | BG91: INV | BH91: CINDY YOHANA BOHORQUEZ GARZON | BK91: DAVID BAUTISTA ROMERO | BP91: INV SST | BQ91: =TRIM(SUBSTITUTE(SUBSTITUTE(SUBSTITUTE(SUBSTITUTE(SUBSTITUTE(SUBSTITUTE(SUBSTITUTE(SUBSTITUTE(SUBSTITUTE(SUBSTITUTE(SUBSTITUTE(SUBSTITUTE(SUBSTITUTE(SUBSTITUTE(SUBSTITUTE(SUBSTITUTE(Q91, Y91, ""), AA91, ""), AC91, ""), AE91, ""), AG91, ""), AK91, ""), AO91, ""), AQ91, ""), AS91, ""), AU91, ""), AW91, ""), AY91, ""), BA91, ""), BC91, ""), BE91, ""), BG91, "")) | BS91: =TRIM(SUBSTITUTE(SUBSTITUTE(SUBSTITUTE(SUBSTITUTE(SUBSTITUTE(SUBSTITUTE(SUBSTITUTE(SUBSTITUTE(SUBSTITUTE(SUBSTITUTE(SUBSTITUTE(SUBSTITUTE(SUBSTITUTE(SUBSTITUTE(SUBSTITUTE(SUBSTITUTE(SUBSTITUTE(Q91, Y91, ""), AA91, ""), AC91, ""), AE91, ""), AG91, ""), AK91, ""), AO91, ""), AQ91, ""), AS91, ""), AU91, ""), AW91, ""), AY91, ""), BA91, ""), BC91, ""), BE91, ""), BG91, ""),BI91, "")) | BT91: =VLOOKUP(A91,[2]Hoja1!$A$2:$B$123,2,FALSE) -> BIL | BU91: 18 | BV91: jeimy | BW91: =VLOOKUP(A91,[2]PE04!$A$7:$A$328,1,FALSE) -> 3070323 | BX91: =IFERROR(VLOOKUP( 5,[2]PE04!A16:G343,8,FALSE), "No encontrado") -> No encontrado
A92: 3070324 | B92: TECNOLOGO | C92: 34 | D92: ANALISIS Y DESARROLLO DE SOFTWARE | E92: 16/09/2024 | F92: =IF( OR(((ROUND((G92-E92)/30,0))=27),((ROUND((G92-E92)/30,0))=15)), EDATE(G92,-6), IF( (ROUND((G92-E92)/30,0))=12, EDATE(G92,-3), IF( (ROUND((G92-E92)/30,0))=9, EDATE(G92,0),"CALCULAR"))) -> 46188 | G92: 15/12/2026 | H92: FRANCISCO ARNALDO VARGAS BERMUDEZ | I92: FRANCISCO ARNALDO VARGAS BERMUDEZ | J92: LUIS ARTURO BASTIDAS | M92: FRANCISCO ARNALDO VARGAS BERMUDEZ | N92: ALEJANDRO CEDIEL TELLO/JEIMMY LILIANA CASTILLO | O92: DAVID BAUTISTA ROMERO | P92: FRANCISCO ARNALDO VARGAS BERMUDEZ | Q92: MAT TIC COM INV FIS EMP ETI SST CUL DER | R92: MAT TIC COM INV FIS EMP ETI SST CUL DER | Y92: MAT | Z92: JULIANA HERNANDEZ BARRERA | AA92: ETI | AB92: IVAN DARIO RODRIGUEZ BUSTAMANTE | AE92: TIC | AF92: CRISTINA CASTAÑO CASTILLO | AG92: CUL | AH92: CHRISTIAN CAMILO RODRIGUEZ SALAS | AK92: EMP | AL92: YESENIA PATRICIA PINEDA JARAMILLO | AS92: DER | AT92: MARIA CAROLINA GOMEZ CALLE | AW92: SST | AX92: =IFERROR(VLOOKUP(A92,_p7_2025,2,FALSE),"") -> MARINELLA DIAZ ACOSTA | BA92: FIS | BB92: =VLOOKUP(A92,_p8_2025,2,FALSE) -> CAMILO ERNESTO CALDERON GALINDO | BE92: COM | BF92: CESAR AUGUSTO BERMEO | BG92: INV | BH92: CINDY YOHANA BOHORQUEZ GARZON | BK92: DAVID BAUTISTA ROMERO | BP92: COM | BQ92: =TRIM(SUBSTITUTE(SUBSTITUTE(SUBSTITUTE(SUBSTITUTE(SUBSTITUTE(SUBSTITUTE(SUBSTITUTE(SUBSTITUTE(SUBSTITUTE(SUBSTITUTE(SUBSTITUTE(SUBSTITUTE(SUBSTITUTE(SUBSTITUTE(SUBSTITUTE(SUBSTITUTE(Q92, Y92, ""), AA92, ""), AC92, ""), AE92, ""), AG92, ""), AK92, ""), AO92, ""), AQ92, ""), AS92, ""), AU92, ""), AW92, ""), AY92, ""), BA92, ""), BC92, ""), BE92, ""), BG92, "")) | BS92: =TRIM(SUBSTITUTE(SUBSTITUTE(SUBSTITUTE(SUBSTITUTE(SUBSTITUTE(SUBSTITUTE(SUBSTITUTE(SUBSTITUTE(SUBSTITUTE(SUBSTITUTE(SUBSTITUTE(SUBSTITUTE(SUBSTITUTE(SUBSTITUTE(SUBSTITUTE(SUBSTITUTE(SUBSTITUTE(Q92, Y92, ""), AA92, ""), AC92, ""), AE92, ""), AG92, ""), AK92, ""), AO92, ""), AQ92, ""), AS92, ""), AU92, ""), AW92, ""), AY92, ""), BA92, ""), BC92, ""), BE92, ""), BG92, ""),BI92, "")) | BT92: =VLOOKUP(A92,[2]Hoja1!$A$2:$B$123,2,FALSE) -> BIL | BU92: 18 | BV92: jeimy | BW92: =VLOOKUP(A92,[2]PE04!$A$7:$A$328,1,FALSE) -> 3070324 | BX92: =IFERROR(VLOOKUP( 5,[2]PE04!A17:G344,8,FALSE), "No encontrado") -> No encontrado
A93: 3070325 | B93: TECNOLOGO | C93: 34 | D93: ANALISIS Y DESARROLLO DE SOFTWARE | E93: 16/09/2024 | F93: =IF( OR(((ROUND((G93-E93)/30,0))=27),((ROUND((G93-E93)/30,0))=15)), EDATE(G93,-6), IF( (ROUND((G93-E93)/30,0))=12, EDATE(G93,-3), IF( (ROUND((G93-E93)/30,0))=9, EDATE(G93,0),"CALCULAR"))) -> 46188 | G93: 15/12/2026 | H93: FRANCISCO ARNALDO VARGAS BERMUDEZ | I93: FRANCISCO ARNALDO VARGAS BERMUDEZ | J93: LUIS ARTURO BASTIDAS | M93: FRANCISCO ARNALDO VARGAS BERMUDEZ | N93: ALEJANDRO CEDIEL TELLO/JEIMMY LILIANA CASTILLO | O93: DAVID BAUTISTA ROMERO | P93: FRANCISCO ARNALDO VARGAS BERMUDEZ | Q93: MAT TIC COM INV FIS EMP ETI SST CUL DER | R93: MAT TIC COM INV FIS EMP ETI SST CUL DER | Y93: MAT | Z93: CINDY CRISTINA CEBALLOS MALDONADO | AA93: ETI | AB93: NELSON ALFREDO VARGAS MORA | AE93: FIS | AF93: CAMILO ERNESTO CALDERON GALINDO | AG93: TIC | AH93: ANGELICA JANETH RODRIGUEZ ALONSO | AK93: COM | AL93: CESAR AUGUSTO BERMEO | AO93: EMP | AP93: ESTEFANIA SANDOVAL CRUZ | AS93: INV | AT93: CINDY YOHANA BOHORQUEZ GARZON | AW93: SST | AX93: =IFERROR(VLOOKUP(A93,_p7_2025,2,FALSE),"") -> JORGE IVAN PEREZ GAITAN | BA93: CUL | BB93: =VLOOKUP(A93,_p8_2025,2,FALSE) -> CHRISTIAN CAMILO RODRIGUEZ SALAS | BE93: DER | BF93: MARIA CAROLINA GOMEZ CALLE | BK93: DAVID BAUTISTA ROMERO | BP93: DER | BQ93: =TRIM(SUBSTITUTE(SUBSTITUTE(SUBSTITUTE(SUBSTITUTE(SUBSTITUTE(SUBSTITUTE(SUBSTITUTE(SUBSTITUTE(SUBSTITUTE(SUBSTITUTE(SUBSTITUTE(SUBSTITUTE(SUBSTITUTE(SUBSTITUTE(SUBSTITUTE(SUBSTITUTE(Q93, Y93, ""), AA93, ""), AC93, ""), AE93, ""), AG93, ""), AK93, ""), AO93, ""), AQ93, ""), AS93, ""), AU93, ""), AW93, ""), AY93, ""), BA93, ""), BC93, ""), BE93, ""), BG93, "")) | BS93: =TRIM(SUBSTITUTE(SUBSTITUTE(SUBSTITUTE(SUBSTITUTE(SUBSTITUTE(SUBSTITUTE(SUBSTITUTE(SUBSTITUTE(SUBSTITUTE(SUBSTITUTE(SUBSTITUTE(SUBSTITUTE(SUBSTITUTE(SUBSTITUTE(SUBSTITUTE(SUBSTITUTE(SUBSTITUTE(Q93, Y93, ""), AA93, ""), AC93, ""), AE93, ""), AG93, ""), AK93, ""), AO93, ""), AQ93, ""), AS93, ""), AU93, ""), AW93, ""), AY93, ""), BA93, ""), BC93, ""), BE93, ""), BG93, ""),BI93, "")) | BT93: =VLOOKUP(A93,[2]Hoja1!$A$2:$B$123,2,FALSE) -> BIL | BU93: 18 | BV93: jeimy | BW93: =VLOOKUP(A93,[2]PE04!$A$7:$A$328,1,FALSE) -> 3070325 | BX93: =IFERROR(VLOOKUP( 5,[2]PE04!A18:G345,8,FALSE), "No encontrado") -> No encontrado
A94: 3070326 | B94: TECNOLOGO | C94: 36 | D94: ANALISIS Y DESARROLLO DE SOFTWARE | E94: 16/09/2024 | F94: =IF( OR(((ROUND((G94-E94)/30,0))=27),((ROUND((G94-E94)/30,0))=15)), EDATE(G94,-6), IF( (ROUND((G94-E94)/30,0))=12, EDATE(G94,-3), IF( (ROUND((G94-E94)/30,0))=9, EDATE(G94,0),"CALCULAR"))) -> 46188 | G94: 15/12/2026 | H94: FRANCISCO ARNALDO VARGAS BERMUDEZ | I94: FRANCISCO ARNALDO VARGAS BERMUDEZ | J94: LUIS ARTURO BASTIDAS | M94: FRANCISCO ARNALDO VARGAS BERMUDEZ | N94: DAVID BAUTISTA ROMERO | O94: DAVID BAUTISTA ROMERO | P94: FERNANDO GONZALEZ GARCIA | Q94: MAT TIC COM INV FIS EMP ETI SST CUL DER | R94: MAT TIC COM INV FIS EMP ETI SST CUL DER | Y94: MAT | Z94: JULIANA HERNANDEZ BARRERA | AA94: ETI | AB94: NELLYS JANETH BLANCO RODRIGUEZ | AE94: FIS | AF94: CAMILO ERNESTO CALDERON GALINDO | AG94: TIC | AH94: SONIA PATRICIA CASTAÑEDA CAYCEDO | AK94: COM | AL94: CESAR AUGUSTO BERMEO | AO94: EMP | AP94: ESTEFANIA SANDOVAL CRUZ | AS94: INV | AT94: CINDY YOHANA BOHORQUEZ GARZON | AW94: SST | AX94: =IFERROR(VLOOKUP(A94,_p7_2025,2,FALSE),"") -> MARINELLA DIAZ ACOSTA | BA94: CUL | BB94: =VLOOKUP(A94,_p8_2025,2,FALSE) -> CHRISTIAN CAMILO RODRIGUEZ SALAS | BE94: DER | BF94: MARIA CAROLINA GOMEZ CALLE | BK94: DAVID BAUTISTA ROMERO | BP94: DER | BQ94: =TRIM(SUBSTITUTE(SUBSTITUTE(SUBSTITUTE(SUBSTITUTE(SUBSTITUTE(SUBSTITUTE(SUBSTITUTE(SUBSTITUTE(SUBSTITUTE(SUBSTITUTE(SUBSTITUTE(SUBSTITUTE(SUBSTITUTE(SUBSTITUTE(SUBSTITUTE(SUBSTITUTE(Q94, Y94, ""), AA94, ""), AC94, ""), AE94, ""), AG94, ""), AK94, ""), AO94, ""), AQ94, ""), AS94, ""), AU94, ""), AW94, ""), AY94, ""), BA94, ""), BC94, ""), BE94, ""), BG94, "")) | BS94: =TRIM(SUBSTITUTE(SUBSTITUTE(SUBSTITUTE(SUBSTITUTE(SUBSTITUTE(SUBSTITUTE(SUBSTITUTE(SUBSTITUTE(SUBSTITUTE(SUBSTITUTE(SUBSTITUTE(SUBSTITUTE(SUBSTITUTE(SUBSTITUTE(SUBSTITUTE(SUBSTITUTE(SUBSTITUTE(Q94, Y94, ""), AA94, ""), AC94, ""), AE94, ""), AG94, ""), AK94, ""), AO94, ""), AQ94, ""), AS94, ""), AU94, ""), AW94, ""), AY94, ""), BA94, ""), BC94, ""), BE94, ""), BG94, ""),BI94, "")) | BT94: =VLOOKUP(A94,[2]Hoja1!$A$2:$B$123,2,FALSE) -> BIL | BU94: 10 | BV94: actual | BW94: =VLOOKUP(A94,[2]PE04!$A$7:$A$328,1,FALSE) -> 3070326 | BX94: =IFERROR(VLOOKUP( 5,[2]PE04!A19:G346,8,FALSE), "No encontrado") -> No encontrado
A95: 3070334 | B95: TECNOLOGO | C95: 33 | D95: COORDINACION DE PROCESOS LOGISTICOS | E95: 16/09/2024 | F95: =IF( OR(((ROUND((G95-E95)/30,0))=27),((ROUND((G95-E95)/30,0))=15)), EDATE(G95,-6), IF( (ROUND((G95-E95)/30,0))=12, EDATE(G95,-3), IF( (ROUND((G95-E95)/30,0))=9, EDATE(G95,0),"CALCULAR"))) -> 46188 | G95: 15/12/2026 | H95: OSCAR EDUARDO SARMIENTO SAAVEDRA | I95: OSCAR EDUARDO SARMIENTO SAAVEDRA | J95: DEISY JULIETH GARCIA CASTAÑEDA | M95: OSCAR EDUARDO SARMIENTO SAAVEDRA | N95: AURA MATILDE CARRERO USSA/JEIMMY LILIANA CASTILLLO | O95: KAREN DAYANA CASTAÑEDA | P95: MARIA PAOLA GIRALDO HERRERA | Q95: COM TIC MAT INV CIE SST DER EMP CUL ETI | R95: COM TIC MAT INV CIE SST DER EMP CUL ETI | Y95: COM | Z95: CATHERINE LOZADA OTALORA | AA95: MAT | AB95: ELKIN DURAN MANCIPE | AC95: CIE | AD95: LAURA SOFIA PAEZ GALLO | AE95: TIC | AF95: ERICK RUIZ NOREÑA | AG95: INV | AH95: CINDY YOHANA BOHORQUEZ GARZON | AK95: DER | AL95: LAURA STHEPHANIA SANCHEZ PABON | AO95: ETI | AP95: IVAN DARIO RODRIGUEZ BUSTAMANTE | AW95: SST | AX95: =IFERROR(VLOOKUP(A95,_p7_2025,2,FALSE),"") -> JORGE IVAN PEREZ GAITAN | BA95: EMP | BB95: =VLOOKUP(A95,_p8_2025,2,FALSE) -> ESTEFANIA SANDOVAL CRUZ | BE95: CUL | BF95: CHRISTIAN CAMILO RODRIGUEZ SALAS | BK95: DAVID BAUTISTA ROMERO | BP95: CUL | BQ95: =TRIM(SUBSTITUTE(SUBSTITUTE(SUBSTITUTE(SUBSTITUTE(SUBSTITUTE(SUBSTITUTE(SUBSTITUTE(SUBSTITUTE(SUBSTITUTE(SUBSTITUTE(SUBSTITUTE(SUBSTITUTE(SUBSTITUTE(SUBSTITUTE(SUBSTITUTE(SUBSTITUTE(Q95, Y95, ""), AA95, ""), AC95, ""), AE95, ""), AG95, ""), AK95, ""), AO95, ""), AQ95, ""), AS95, ""), AU95, ""), AW95, ""), AY95, ""), BA95, ""), BC95, ""), BE95, ""), BG95, "")) | BS95: =TRIM(SUBSTITUTE(SUBSTITUTE(SUBSTITUTE(SUBSTITUTE(SUBSTITUTE(SUBSTITUTE(SUBSTITUTE(SUBSTITUTE(SUBSTITUTE(SUBSTITUTE(SUBSTITUTE(SUBSTITUTE(SUBSTITUTE(SUBSTITUTE(SUBSTITUTE(SUBSTITUTE(SUBSTITUTE(Q95, Y95, ""), AA95, ""), AC95, ""), AE95, ""), AG95, ""), AK95, ""), AO95, ""), AQ95, ""), AS95, ""), AU95, ""), AW95, ""), AY95, ""), BA95, ""), BC95, ""), BE95, ""), BG95, ""),BI95, "")) | BT95: =VLOOKUP(A95,[2]Hoja1!$A$2:$B$123,2,FALSE) -> BIL | BU95: 18 | BV95: jeimy | BW95: =VLOOKUP(A95,[2]PE04!$A$7:$A$328,1,FALSE) -> 3070334 | BX95: =IFERROR(VLOOKUP( 5,[2]PE04!A20:G347,8,FALSE), "No encontrado") -> No encontrado
A96: 3070335 | B96: TECNOLOGO | C96: 35 | D96: COORDINACION DE PROCESOS LOGISTICOS | E96: 16/09/2024 | F96: =IF( OR(((ROUND((G96-E96)/30,0))=27),((ROUND((G96-E96)/30,0))=15)), EDATE(G96,-6), IF( (ROUND((G96-E96)/30,0))=12, EDATE(G96,-3), IF( (ROUND((G96-E96)/30,0))=9, EDATE(G96,0),"CALCULAR"))) -> 46188 | G96: 15/12/2026 | H96: OSCAR EDUARDO SARMIENTO SAAVEDRA | I96: OSCAR EDUARDO SARMIENTO SAAVEDRA | J96: DEISY JULIETH GARCIA CASTAÑEDA | M96: OSCAR EDUARDO SARMIENTO SAAVEDRA | N96: AURA MATILDE CARRERO USSA/JEIMMY LILIANA CASTILLLO | O96: KAREN DAYANA CASTAÑEDA | P96: MARIA PAOLA GIRALDO HERRERA | Q96: COM TIC MAT INV CIE SST DER EMP CUL ETI | R96: COM TIC MAT INV CIE SST DER EMP CUL ETI | Y96: COM | Z96: CATHERINE LOZADA OTALORA | AA96: MAT | AB96: CINDY CRISTINA CEBALLOS MALDONADO | AC96: CIE | AD96: LAURA SOFIA PAEZ GALLO | AE96: TIC | AF96: CRISTINA CASTAÑO CASTILLO | AG96: INV | AH96: FRANCI PAOLA LOZANO PIRAQUIVE | AK96: DER | AL96: HECTOR ANDRES CIPAMOCHA CENTENO | AO96: ETI | AP96: OLGA STELLA PARDO SARAY | AW96: SST | AX96: =IFERROR(VLOOKUP(A96,_p7_2025,2,FALSE),"") -> DEISY JULIETH GARCIA CASTAÑEDA | BA96: EMP | BB96: =VLOOKUP(A96,_p8_2025,2,FALSE) -> LUIS ARTURO BASTIDAS | BE96: CUL | BF96: CHRISTIAN CAMILO RODRIGUEZ SALAS | BK96: DAVID BAUTISTA ROMERO | BP96: CUL | BQ96: =TRIM(SUBSTITUTE(SUBSTITUTE(SUBSTITUTE(SUBSTITUTE(SUBSTITUTE(SUBSTITUTE(SUBSTITUTE(SUBSTITUTE(SUBSTITUTE(SUBSTITUTE(SUBSTITUTE(SUBSTITUTE(SUBSTITUTE(SUBSTITUTE(SUBSTITUTE(SUBSTITUTE(Q96, Y96, ""), AA96, ""), AC96, ""), AE96, ""), AG96, ""), AK96, ""), AO96, ""), AQ96, ""), AS96, ""), AU96, ""), AW96, ""), AY96, ""), BA96, ""), BC96, ""), BE96, ""), BG96, "")) | BS96: =TRIM(SUBSTITUTE(SUBSTITUTE(SUBSTITUTE(SUBSTITUTE(SUBSTITUTE(SUBSTITUTE(SUBSTITUTE(SUBSTITUTE(SUBSTITUTE(SUBSTITUTE(SUBSTITUTE(SUBSTITUTE(SUBSTITUTE(SUBSTITUTE(SUBSTITUTE(SUBSTITUTE(SUBSTITUTE(Q96, Y96, ""), AA96, ""), AC96, ""), AE96, ""), AG96, ""), AK96, ""), AO96, ""), AQ96, ""), AS96, ""), AU96, ""), AW96, ""), AY96, ""), BA96, ""), BC96, ""), BE96, ""), BG96, ""),BI96, "")) | BT96: =VLOOKUP(A96,[2]Hoja1!$A$2:$B$123,2,FALSE) -> BIL | BU96: 18 | BV96: jeimy | BW96: =VLOOKUP(A96,[2]PE04!$A$7:$A$328,1,FALSE) -> 3070335 | BX96: =IFERROR(VLOOKUP( 5,[2]PE04!A21:G348,8,FALSE), "No encontrado") -> No encontrado
A97: 3070336 | B97: TECNOLOGO | C97: 32 | D97: COORDINACION DE PROCESOS LOGISTICOS | E97: 16/09/2024 | F97: =IF( OR(((ROUND((G97-E97)/30,0))=27),((ROUND((G97-E97)/30,0))=15)), EDATE(G97,-6), IF( (ROUND((G97-E97)/30,0))=12, EDATE(G97,-3), IF( (ROUND((G97-E97)/30,0))=9, EDATE(G97,0),"CALCULAR"))) -> 46188 | G97: 15/12/2026 | H97: OSCAR EDUARDO SARMIENTO SAAVEDRA | I97: OSCAR EDUARDO SARMIENTO SAAVEDRA | J97: DEISY JULIETH GARCIA CASTAÑEDA | M97: OSCAR EDUARDO SARMIENTO SAAVEDRA | N97: AURA MATILDE CARRERO USSA/JEIMMY LILIANA CASTILLLO | O97: KAREN DAYANA CASTAÑEDA | P97: MARIA PAOLA GIRALDO HERRERA | Q97: COM TIC MAT INV CIE SST DER EMP CUL ETI | R97: COM TIC MAT INV CIE SST DER EMP CUL ETI | Y97: COM | Z97: JORGE ARMANDO PIEDRAHITA CABRERA | AA97: MAT | AB97: ELKIN DURAN MANCIPE | AC97: CIE | AD97: LAURA SOFIA PAEZ GALLO | AE97: TIC | AF97: ERICK RUIZ NOREÑA | AG97: INV | AH97: FRANCI PAOLA LOZANO PIRAQUIVE | AK97: DER | AL97: HECTOR ANDRES CIPAMOCHA CENTENO | AO97: ETI | AP97: OLGA STELLA PARDO SARAY | AW97: SST | AX97: =IFERROR(VLOOKUP(A97,_p7_2025,2,FALSE),"") -> MARINELLA DIAZ ACOSTA | BA97: EMP | BB97: =VLOOKUP(A97,_p8_2025,2,FALSE) -> ALBERTO ANTONIO TAPIA TORRES | BE97: CUL | BF97: CHRISTIAN CAMILO RODRIGUEZ SALAS | BK97: DAVID BAUTISTA ROMERO | BP97: CUL | BQ97: =TRIM(SUBSTITUTE(SUBSTITUTE(SUBSTITUTE(SUBSTITUTE(SUBSTITUTE(SUBSTITUTE(SUBSTITUTE(SUBSTITUTE(SUBSTITUTE(SUBSTITUTE(SUBSTITUTE(SUBSTITUTE(SUBSTITUTE(SUBSTITUTE(SUBSTITUTE(SUBSTITUTE(Q97, Y97, ""), AA97, ""), AC97, ""), AE97, ""), AG97, ""), AK97, ""), AO97, ""), AQ97, ""), AS97, ""), AU97, ""), AW97, ""), AY97, ""), BA97, ""), BC97, ""), BE97, ""), BG97, "")) | BS97: =TRIM(SUBSTITUTE(SUBSTITUTE(SUBSTITUTE(SUBSTITUTE(SUBSTITUTE(SUBSTITUTE(SUBSTITUTE(SUBSTITUTE(SUBSTITUTE(SUBSTITUTE(SUBSTITUTE(SUBSTITUTE(SUBSTITUTE(SUBSTITUTE(SUBSTITUTE(SUBSTITUTE(SUBSTITUTE(Q97, Y97, ""), AA97, ""), AC97, ""), AE97, ""), AG97, ""), AK97, ""), AO97, ""), AQ97, ""), AS97, ""), AU97, ""), AW97, ""), AY97, ""), BA97, ""), BC97, ""), BE97, ""), BG97, ""),BI97, "")) | BT97: =VLOOKUP(A97,[2]Hoja1!$A$2:$B$123,2,FALSE) -> BIL | BU97: 18 | BV97: jeimy | BW97: =VLOOKUP(A97,[2]PE04!$A$7:$A$328,1,FALSE) -> 3070336 | BX97: =IFERROR(VLOOKUP( 5,[2]PE04!A22:G349,8,FALSE), "No encontrado") -> No encontrado
A98: 3070337 | B98: TECNOLOGO | C98: 38 | D98: COORDINACION DE PROCESOS LOGISTICOS | E98: 16/09/2024 | F98: =IF( OR(((ROUND((G98-E98)/30,0))=27),((ROUND((G98-E98)/30,0))=15)), EDATE(G98,-6), IF( (ROUND((G98-E98)/30,0))=12, EDATE(G98,-3), IF( (ROUND((G98-E98)/30,0))=9, EDATE(G98,0),"CALCULAR"))) -> 46188 | G98: 15/12/2026 | H98: OSCAR EDUARDO SARMIENTO SAAVEDRA | I98: OSCAR EDUARDO SARMIENTO SAAVEDRA | J98: DEISY JULIETH GARCIA CASTAÑEDA | M98: OSCAR EDUARDO SARMIENTO SAAVEDRA | N98: AURA MATILDE CARRERO USSA/JEIMMY LILIANA CASTILLLO | O98: KAREN DAYANA CASTAÑEDA | P98: MARIA PAOLA GIRALDO HERRERA | Q98: COM TIC MAT INV CIE SST DER EMP CUL ETI | R98: COM TIC MAT INV CIE SST DER EMP CUL ETI | Y98: COM | Z98: CATHERINE LOZADA OTALORA | AA98: MAT | AB98: ELKIN DURAN MANCIPE | AC98: CIE | AD98: LAURA SOFIA PAEZ GALLO | AE98: TIC | AF98: CRISTINA CASTAÑO CASTILLO | AG98: INV | AH98: CINDY YOHANA BOHORQUEZ GARZON | AK98: DER | AL98: HECTOR ANDRES CIPAMOCHA CENTENO | AO98: ETI | AP98: IVAN DARIO RODRIGUEZ BUSTAMANTE | AW98: SST | AX98: =IFERROR(VLOOKUP(A98,_p7_2025,2,FALSE),"") -> JORGE IVAN PEREZ GAITAN | BA98: EMP | BB98: =VLOOKUP(A98,_p8_2025,2,FALSE) -> ALBERTO ANTONIO TAPIA TORRES | BE98: CUL | BF98: CHRISTIAN CAMILO RODRIGUEZ SALAS | BK98: DAVID BAUTISTA ROMERO | BP98: CUL | BQ98: =TRIM(SUBSTITUTE(SUBSTITUTE(SUBSTITUTE(SUBSTITUTE(SUBSTITUTE(SUBSTITUTE(SUBSTITUTE(SUBSTITUTE(SUBSTITUTE(SUBSTITUTE(SUBSTITUTE(SUBSTITUTE(SUBSTITUTE(SUBSTITUTE(SUBSTITUTE(SUBSTITUTE(Q98, Y98, ""), AA98, ""), AC98, ""), AE98, ""), AG98, ""), AK98, ""), AO98, ""), AQ98, ""), AS98, ""), AU98, ""), AW98, ""), AY98, ""), BA98, ""), BC98, ""), BE98, ""), BG98, "")) | BS98: =TRIM(SUBSTITUTE(SUBSTITUTE(SUBSTITUTE(SUBSTITUTE(SUBSTITUTE(SUBSTITUTE(SUBSTITUTE(SUBSTITUTE(SUBSTITUTE(SUBSTITUTE(SUBSTITUTE(SUBSTITUTE(SUBSTITUTE(SUBSTITUTE(SUBSTITUTE(SUBSTITUTE(SUBSTITUTE(Q98, Y98, ""), AA98, ""), AC98, ""), AE98, ""), AG98, ""), AK98, ""), AO98, ""), AQ98, ""), AS98, ""), AU98, ""), AW98, ""), AY98, ""), BA98, ""), BC98, ""), BE98, ""), BG98, ""),BI98, "")) | BT98: =VLOOKUP(A98,[2]Hoja1!$A$2:$B$123,2,FALSE) -> BIL | BU98: 18 | BV98: jeimy | BW98: =VLOOKUP(A98,[2]PE04!$A$7:$A$328,1,FALSE) -> 3070337 | BX98: =IFERROR(VLOOKUP( 5,[2]PE04!A23:G350,8,FALSE), "No encontrado") -> No encontrado
A99: 3070338 | B99: TECNOLOGO | C99: 34 | D99: COORDINACION DE PROCESOS LOGISTICOS | E99: 16/09/2024 | F99: =IF( OR(((ROUND((G99-E99)/30,0))=27),((ROUND((G99-E99)/30,0))=15)), EDATE(G99,-6), IF( (ROUND((G99-E99)/30,0))=12, EDATE(G99,-3), IF( (ROUND((G99-E99)/30,0))=9, EDATE(G99,0),"CALCULAR"))) -> 46188 | G99: 15/12/2026 | H99: ALEX VICENTE SILVA BELTRAN | I99: ALEX VICENTE SILVA BELTRAN | J99: DEISY JULIETH GARCIA CASTAÑEDA | M99: JAVIER GERARDO VIVAS PRIETO | N99: AURA MATILDE CARRERO USSA/JEIMMY LILIANA CASTILLLO | O99: KAREN DAYANA CASTAÑEDA | P99: JUAN CAMILO BOHORQUEZ RODRIGUEZ | Q99: COM TIC MAT INV CIE SST DER EMP CUL ETI | R99: COM TIC MAT INV CIE SST DER EMP CUL ETI | Y99: COM | Z99: JORGE ARMANDO PIEDRAHITA CABRERA | AA99: MAT | AB99: CINDY CRISTINA CEBALLOS MALDONADO | AC99: CIE | AD99: LAURA SOFIA PAEZ GALLO | AE99: TIC | AF99: ERICK RUIZ NOREÑA | AG99: INV | AH99: CINDY YOHANA BOHORQUEZ GARZON | AK99: DER | AL99: MARIA CAROLINA GOMEZ CALLE | AO99: EMP | AP99: ESTEFANIA SANDOVAL CRUZ | AW99: ETI | AX99: =IFERROR(VLOOKUP(A99,_p7_2025,2,FALSE),"") -> NELSON ALFREDO VARGAS MORA | BA99: SST | BB99: =VLOOKUP(A99,_p8_2025,2,FALSE) -> JORGE IVAN PEREZ GAITAN | BE99: CUL | BF99: CHRISTIAN CAMILO RODRIGUEZ SALAS | BK99: DAVID BAUTISTA ROMERO | BP99: CUL | BQ99: =TRIM(SUBSTITUTE(SUBSTITUTE(SUBSTITUTE(SUBSTITUTE(SUBSTITUTE(SUBSTITUTE(SUBSTITUTE(SUBSTITUTE(SUBSTITUTE(SUBSTITUTE(SUBSTITUTE(SUBSTITUTE(SUBSTITUTE(SUBSTITUTE(SUBSTITUTE(SUBSTITUTE(Q99, Y99, ""), AA99, ""), AC99, ""), AE99, ""), AG99, ""), AK99, ""), AO99, ""), AQ99, ""), AS99, ""), AU99, ""), AW99, ""), AY99, ""), BA99, ""), BC99, ""), BE99, ""), BG99, "")) | BS99: =TRIM(SUBSTITUTE(SUBSTITUTE(SUBSTITUTE(SUBSTITUTE(SUBSTITUTE(SUBSTITUTE(SUBSTITUTE(SUBSTITUTE(SUBSTITUTE(SUBSTITUTE(SUBSTITUTE(SUBSTITUTE(SUBSTITUTE(SUBSTITUTE(SUBSTITUTE(SUBSTITUTE(SUBSTITUTE(Q99, Y99, ""), AA99, ""), AC99, ""), AE99, ""), AG99, ""), AK99, ""), AO99, ""), AQ99, ""), AS99, ""), AU99, ""), AW99, ""), AY99, ""), BA99, ""), BC99, ""), BE99, ""), BG99, ""),BI99, "")) | BT99: =VLOOKUP(A99,[2]Hoja1!$A$2:$B$123,2,FALSE) -> BIL | BU99: 18 | BV99: jeimy | BW99: =VLOOKUP(A99,[2]PE04!$A$7:$A$328,1,FALSE) -> 3070338 | BX99: =IFERROR(VLOOKUP( 5,[2]PE04!A24:G351,8,FALSE), "No encontrado") -> No encontrado
A100: 3070339 | B100: TECNOLOGO | C100: 34 | D100: COORDINACION DE PROCESOS LOGISTICOS | E100: 16/09/2024 | F100: =IF( OR(((ROUND((G100-E100)/30,0))=27),((ROUND((G100-E100)/30,0))=15)), EDATE(G100,-6), IF( (ROUND((G100-E100)/30,0))=12, EDATE(G100,-3), IF( (ROUND((G100-E100)/30,0))=9, EDATE(G100,0),"CALCULAR"))) -> 46188 | G100: 15/12/2026 | H100: ALEX VICENTE SILVA BELTRAN | I100: ALEX VICENTE SILVA BELTRAN | J100: DEISY JULIETH GARCIA CASTAÑEDA | M100: DANIELA ALEXANDRA MARTINEZ MARTIN | N100: AURA MATILDE CARRERO USSA | O100: JHONY ARMANDO RIOS | P100: JOSE ALFONSO SOTO SILVERA | Q100: COM TIC MAT INV CIE SST DER EMP CUL ETI | R100: COM TIC MAT INV CIE SST DER EMP CUL ETI | Y100: COM | Z100: CATHERINE LOZADA OTALORA | AA100: MAT | AB100: ELKIN DURAN MANCIPE | AC100: CIE | AD100: LAURA SOFIA PAEZ GALLO | AE100: ETI | AF100: NELSON ALFREDO VARGAS MORA | AG100: TIC | AH100: SONIA PATRICIA CASTAÑEDA CAYCEDO | AK100: CUL | AL100: CHRISTIAN CAMILO RODRIGUEZ SALAS | AO100: DER | AP100: LAURA STHEPHANIA SANCHEZ PABON | AS100: EMP | AT100: LUIS ARTURO BASTIDAS | AX100: =IFERROR(VLOOKUP(A100,_p7_2025,2,FALSE),"") | BA100: INV | BB100: =VLOOKUP(A100,_p8_2025,2,FALSE) -> CINDY YOHANA BOHORQUEZ GARZON | BE100: SST | BF100: DEISY JULIETH GARCIA CASTAÑEDA | BK100: DAVID BAUTISTA ROMERO | BP100: SST | BQ100: =TRIM(SUBSTITUTE(SUBSTITUTE(SUBSTITUTE(SUBSTITUTE(SUBSTITUTE(SUBSTITUTE(SUBSTITUTE(SUBSTITUTE(SUBSTITUTE(SUBSTITUTE(SUBSTITUTE(SUBSTITUTE(SUBSTITUTE(SUBSTITUTE(SUBSTITUTE(SUBSTITUTE(Q100, Y100, ""), AA100, ""), AC100, ""), AE100, ""), AG100, ""), AK100, ""), AO100, ""), AQ100, ""), AS100, ""), AU100, ""), AW100, ""), AY100, ""), BA100, ""), BC100, ""), BE100, ""), BG100, "")) | BS100: =TRIM(SUBSTITUTE(SUBSTITUTE(SUBSTITUTE(SUBSTITUTE(SUBSTITUTE(SUBSTITUTE(SUBSTITUTE(SUBSTITUTE(SUBSTITUTE(SUBSTITUTE(SUBSTITUTE(SUBSTITUTE(SUBSTITUTE(SUBSTITUTE(SUBSTITUTE(SUBSTITUTE(SUBSTITUTE(Q100, Y100, ""), AA100, ""), AC100, ""), AE100, ""), AG100, ""), AK100, ""), AO100, ""), AQ100, ""), AS100, ""), AU100, ""), AW100, ""), AY100, ""), BA100, ""), BC100, ""), BE100, ""), BG100, ""),BI100, "")) | BT100: =VLOOKUP(A100,[2]Hoja1!$A$2:$B$123,2,FALSE) -> BIL | BU100: 12 | BV100: actual | BW100: =VLOOKUP(A100,[2]PE04!$A$7:$A$328,1,FALSE) -> 3070339 | BX100: =IFERROR(VLOOKUP( 5,[2]PE04!A25:G352,8,FALSE), "No encontrado") -> No encontrado
...

Sheet Hoja3
A1: 1 | B1: 2 | D1: 4 | E1: 5 | F1: 6 | G1: 7 | H1: 8 | I1: 9 | J1: 10 | K1: 11 | L1: 12 | M1: 13 | N1: 14 | P1: 15 | Q1: 16 | R1: 17 | S1: 18 | T1: 19 | U1: 20 | V1: 21 | W1: 22 | X1: 23 | Y1: 24 | Z1: 25 | AA1: 26 | AB1: 27 | AC1: 28 | AD1: 29 | AE1: 30 | AF1: 31 | AG1: 32 | AH1: 33 | AI1: 34 | AJ1: 35 | AK1: 36 | AL1: 37 | AM1: 38 | AN1: 39 | AO1: 40 | AP1: 41 | AQ1: 42 | AR1: 43 | AS1: 44 | AT1: 45 | AU1: 46 | AV1: 47 | AW1: 48 | AX1: 49 | AY1: 50 | AZ1: 51 | BA1: 52 | BB1: 53 | BC1: 54 | BD1: 55 | BK1: 56
A2: FICHA | B2: NIVEL | C2: APRENDICES | D2: PROGRAMA | E2: F_INI | F2: F_FIN_ LEC | G2: F_FIN | H2: INSTRUCTOR_TECNICO 2024 | I2: INSTRUCTOR_TECNICO_ANT 2024 | J2: INSTRUCTOR BIENVENIDA 2024 | K2: INSTRUCTOR INDUCCION 2025 | L2: INSTRUCTOR_TECNICO_ANT 2025 | M2: INSTRUCTOR TECNICO 2025 | N2: INSTRUCTOR_BILINGUISMO 2024/2025 | O2: INSTRUCTOR TECNICO 2026 | P2: INSTRUCTOR BILINGUIMOS 2025 | Q2: TODAS | R2: FALTAN EN 2024 | S2: Transversal 5to periodo | T2: Instructor 5to periodo | U2: Transversal 6to periodo | V2: Instructor 6to periodo | W2: Transversal 7mo periodo | X2: Instructor 7mo periodo | Y2: Transversal 8vo periodo | Z2: Instructor 8vo periodo | AA2: Transversal 9no Periodo | AB2: Instructor 9no periodo | AC2: Transvesal 1er Periodo 2025 | AD2: Instructor 1er Periodo 2025 | AE2: Transversal 2do periodo 2025 | AF2: Instructor 2do periodo 2025 | AG2: Transversal 3er periodo 2025 - A | AH2: Instructor 3er periodo 2025 -A | AI2: Transversal 3er periodo 2025 - B | AJ2: Instructor 3er periodo 2025 - B | AK2: Transvesal 4to periodo 2025 - A | AL2: Instructor 4to periodo 2025 -A | AM2: Transversal 4to periodo 2025 - B | AN2: Instructor 4to periodo 2025 - B | AO2: Transversal 5to periodo 2025 - A | AP2: Instructor 5to periodo 2025 - A | AQ2: Transversal 5to periodo 2025 - B | AR2: Instructor 5to periodo 2025 -B | AS2: Transversal 6to periodo 2025 - A | AT2: Instructor 6to periodo 2025 - A | AU2: Transversal 6to periodo 2025 - B | AV2: Instructor 6to periodo 2025 -B | AW2: Transversal 7mo periodo 2025 - A | AX2: Instructor 7mo periodo 2025 - A | AY2: Transversal 7mo periodo 2025 - B | AZ2: Instructor 7mo periodo 2025 -B | BA2: Transversal 8vo periodo 2025 - A | BB2: Instructor 8vo periodo 2025 - A | BC2: Transversal 8vo periodo 2025 - B | BD2: Instructor 8vo periodo 2025 - B | BE2: Transversal 9vo periodo 2025 - A | BF2: Instructor 9No periodo 2025 - A | BG2: Transversal 9vo periodo 2025 - B | BH2: Instructor 9No periodo 2025 - B | BI2: Transversal 1er periodo 2026 - A | BJ2: Instructor 1er periodo 2026 - A | BK2: FALTAN | BL2: NUEVAS FALTANTES
A3: 3186207 | B3: TECNICO | C3: 71 | D3: OPERACIONES COMERCIALES EN RETAIL | E3: 31/03/2025 | F3: 46021 | G3: 30/06/2026 | K3: KEBIN CUESTA RENTERIA | M3: KEBIN CUESTA RENTERIA | O3: =VLOOKUP(A3,Hoja4!$A$2:$B$247,2,FALSE) -> #N/A | P3: JULIAN FERNANDO GARNICA SEPULVEDA | Q3: FIS SST COM DER ETI EMP CUL MAT TIC | AG3: FIS | AH3: CAMILO ERNESTO CALDERON GALINDO | AI3: COM | AJ3: JORGE ARMANDO PIEDRAHITA | AK3: TIC | AL3: ERICK RUIZ NOREÑA | AM3: MAT | AN3: JULIANA HERNANDEZ BARRERA | AO3: CUL | AP3: MELISSA ANDREA LAITON GARNICA | AS3: ETI | AT3: OLGA STELLA PARDO SARAY | AU3: SST | AV3: JORGE IVAN PEREZ GAITAN | AW3: DER | AX3: =IFERROR(VLOOKUP(A3,_p7_2025,2,FALSE),"") -> HECTOR ANDRES CIPAMOCHA CENTENO | BA3: EMP | BB3: =VLOOKUP(A3,_p8_2025,2,FALSE) -> ESTEFANIA SANDOVAL CRUZ
A4: 3186220 | B4: TECNICO | C4: 90 | D4: OPERACIONES DE COMERCIO EXTERIOR | E4: 31/03/2025 | F4: 46021 | G4: 30/06/2026 | K4: LUISA ADRIANA CORREDOR GALVIS | M4: DARLING NATHALI GOMEZ OSPINA | O4: =VLOOKUP(A4,Hoja4!$A$2:$B$247,2,FALSE) -> #N/A | P4: JULIAN FERNANDO GARNICA SEPULVEDA | Q4: SST COM DER ETI EMP CUL MAT TIC | AG4: SST | AH4: MARINELLA DIAZ ACOSTA | AI4: COM | AJ4: JORGE ARMANDO PIEDRAHITA | AK4: MAT | AL4: WILDER JULIAN ARIAS HERNANDEZ | AM4: TIC | AN4: SONIA PATRICIA CASTAÑEDA CAYCEDO | AO4: CUL | AP4: CHRISTIAN CAMILO RODRIGUEZ SALAS | AS4: ETI | AT4: IVAN DARIO RODRIGUEZ BUSTAMANTE | AW4: EMP | AX4: =IFERROR(VLOOKUP(A4,_p7_2025,2,FALSE),"") -> ESTEFANIA SANDOVAL CRUZ | BA4: DER | BB4: =VLOOKUP(A4,_p8_2025,2,FALSE) -> HECTOR ANDRES CIPAMOCHA CENTENO
A5: 3186221 | B5: TECNICO | C5: 58 | D5: OPERACIONES DE COMERCIO EXTERIOR | E5: 31/03/2025 | F5: 46021 | G5: 30/06/2026 | K5: LUISA ADRIANA CORREDOR GALVIS | M5: DARLING NATHALI GOMEZ OSPINA | O5: =VLOOKUP(A5,Hoja4!$A$2:$B$247,2,FALSE) -> #N/A | P5: JULIAN FERNANDO GARNICA SEPULVEDA | Q5: SST COM DER ETI EMP CUL MAT TIC | AG5: SST | AH5: MARINELLA DIAZ ACOSTA | AI5: COM | AJ5: CESAR AUGUSTO BERMEO | AK5: MAT | AL5: ELKIN DURAN MANCIPE | AM5: TIC | AN5: SONIA PATRICIA CASTAÑEDA CAYCEDO | AO5: CUL | AP5: CHRISTIAN CAMILO RODRIGUEZ SALAS | AS5: ETI | AT5: NELSON ALFREDO VARGAS MORA | AW5: EMP | AX5: =IFERROR(VLOOKUP(A5,_p7_2025,2,FALSE),"") -> ALBERTO ANTONIO TAPIA TORRES | BA5: DER | BB5: =VLOOKUP(A5,_p8_2025,2,FALSE) -> HECTOR ANDRES CIPAMOCHA CENTENO
A6: 3186222 | B6: TECNICO | C6: 64 | D6: OPERACIONES DE COMERCIO EXTERIOR | E6: 31/03/2025 | F6: 46021 | G6: 30/06/2026 | K6: LUISA ADRIANA CORREDOR GALVIS | M6: DARLING NATHALI GOMEZ OSPINA | O6: =VLOOKUP(A6,Hoja4!$A$2:$B$247,2,FALSE) -> #N/A | P6: JULIAN FERNANDO GARNICA SEPULVEDA | Q6: SST COM DER ETI EMP CUL MAT TIC | AG6: SST | AH6: MARINELLA DIAZ ACOSTA | AI6: COM | AJ6: CESAR AUGUSTO BERMEO | AK6: MAT | AL6: ELKIN DURAN MANCIPE | AM6: TIC | AN6: SONIA PATRICIA CASTAÑEDA CAYCEDO | AO6: CUL | AP6: CHRISTIAN CAMILO RODRIGUEZ SALAS | AS6: ETI | AT6: IVAN DARIO RODRIGUEZ BUSTAMANTE | AW6: EMP | AX6: =IFERROR(VLOOKUP(A6,_p7_2025,2,FALSE),"") -> ESTEFANIA SANDOVAL CRUZ | BA6: DER | BB6: =VLOOKUP(A6,_p8_2025,2,FALSE) -> MARIA CAROLINA GOMEZ CALLE
A7: 3186281 | B7: TECNICO | C7: 70 | D7: SERVICIOS COMERCIALES Y FINANCIEROS | E7: 31/03/2025 | F7: 46021 | G7: 30/06/2026 | K7: LAURA CRISTINA RIAÑO ARIZA | M7: LAURA CRISTINA RIAÑO ARIZA | O7: =VLOOKUP(A7,Hoja4!$A$2:$B$247,2,FALSE) -> #N/A | P7: ANGELA JULIETTE SILVA VELANDIA | Q7: TIC MAT COM CUL SST EMP ETI DER | AG7: TIC | AH7: CRISTINA CASTAÑO CASTILLO | AI7: MAT | AJ7: JULIANA HERNANDEZ BARRERA | AK7: ETI | AL7: IVAN DARIO RODRIGUEZ BUSTAMANTE | AM7: CUL | AN7: MELISSA ANDREA LAITON GARNICA | AO7: EMP | AP7: LUIS ARTURO BASTIDAS | AS7: SST | AT7: JORGE IVAN PEREZ GAITAN | AW7: DER | AX7: =IFERROR(VLOOKUP(A7,_p7_2025,2,FALSE),"") -> LAURA STHEPHANIA SANCHEZ PABON | BA7: COM | BB7: =VLOOKUP(A7,_p8_2025,2,FALSE) -> CESAR AUGUSTO BERMEO
A8: 3186282 | B8: TECNICO | C8: 68 | D8: SERVICIOS COMERCIALES Y FINANCIEROS | E8: 31/03/2025 | F8: 46021 | G8: 30/06/2026 | K8: LAURA CRISTINA RIAÑO ARIZA | M8: LAURA CRISTINA RIAÑO ARIZA | O8: =VLOOKUP(A8,Hoja4!$A$2:$B$247,2,FALSE) -> #N/A | P8: ANGELA JULIETTE SILVA VELANDIA | Q8: TIC MAT COM CUL SST EMP ETI DER | AG8: TIC | AH8: CRISTINA CASTAÑO CASTILLO | AI8: MAT | AJ8: JULIANA HERNANDEZ BARRERA | AK8: ETI | AL8: OLGA STELLA PARDO SARAY | AM8: CUL | AN8: MELISSA ANDREA LAITON GARNICA | AO8: EMP | AP8: LUIS ARTURO BASTIDAS | AS8: SST | AT8: DEISY JULIETH GARCIA CASTAÑEDA | AW8: DER | AX8: =IFERROR(VLOOKUP(A8,_p7_2025,2,FALSE),"") -> LAURA STHEPHANIA SANCHEZ PABON | BA8: COM | BB8: =VLOOKUP(A8,_p8_2025,2,FALSE) -> CESAR AUGUSTO BERMEO
A9: 3186283 | B9: TECNICO | C9: 64 | D9: SERVICIOS COMERCIALES Y FINANCIEROS | E9: 31/03/2025 | F9: 46021 | G9: 30/06/2026 | K9: LAURA CRISTINA RIAÑO ARIZA | M9: LAURA CRISTINA RIAÑO ARIZA | O9: =VLOOKUP(A9,Hoja4!$A$2:$B$247,2,FALSE) -> #N/A | P9: ANGELA JULIETTE SILVA VELANDIA | Q9: TIC MAT COM CUL SST EMP ETI DER | AG9: TIC | AH9: CRISTINA CASTAÑO CASTILLO | AI9: MAT | AJ9: JULIANA HERNANDEZ BARRERA | AK9: ETI | AL9: NELSON ALFREDO VARGAS MORA | AM9: CUL | AN9: MELISSA ANDREA LAITON GARNICA | AO9: EMP | AP9: ALBERTO ANTONIO TAPIA TORRES | AS9: SST | AT9: DEISY JULIETH GARCIA CASTAÑEDA | AW9: DER | AX9: =IFERROR(VLOOKUP(A9,_p7_2025,2,FALSE),"") -> MARIA CAROLINA GOMEZ CALLE | BA9: COM | BB9: =VLOOKUP(A9,_p8_2025,2,FALSE) -> JORGE ARMANDO PIEDRAHITA
A10: 3186284 | B10: TECNICO | C10: 70 | D10: SERVICIOS COMERCIALES Y FINANCIEROS | E10: 31/03/2025 | F10: 46021 | G10: 30/06/2026 | K10: MOISES EDGARDO MERIÑO POLO | L10: MOISES EDGARDO MERIÑO POLO | M10: FRANKELI RODRIGUEZ VELASCO | O10: =VLOOKUP(A10,Hoja4!$A$2:$B$247,2,FALSE) -> #N/A | P10: ANGELA JULIETTE SILVA VELANDIA | Q10: TIC MAT COM CUL SST EMP ETI DER | AG10: TIC | AH10: CRISTINA CASTAÑO CASTILLO | AI10: MAT | AJ10: JULIANA HERNANDEZ BARRERA | AK10: ETI | AL10: IVAN DARIO RODRIGUEZ BUSTAMANTE | AM10: CUL | AN10: CHRISTIAN CAMILO RODRIGUEZ SALAS | AO10: EMP | AP10: ALBERTO ANTONIO TAPIA TORRES | AS10: SST | AT10: MARINELLA DIAZ ACOSTA | AW10: DER | AX10: =IFERROR(VLOOKUP(A10,_p7_2025,2,FALSE),"") -> MARIA CAROLINA GOMEZ CALLE | BA10: COM | BB10: =VLOOKUP(A10,_p8_2025,2,FALSE) -> JORGE ARMANDO PIEDRAHITA
A11: 3186285 | B11: TECNICO | C11: 76 | D11: SERVICIOS COMERCIALES Y FINANCIEROS | E11: 31/03/2025 | F11: 46021 | G11: 30/06/2026 | K11: MOISES EDGARDO MERIÑO POLO | L11: MOISES EDGARDO MERIÑO POLO | M11: FRANKELI RODRIGUEZ VELASCO | O11: =VLOOKUP(A11,Hoja4!$A$2:$B$247,2,FALSE) -> #N/A | P11: KAREN DAYANA CASTAÑEDA | Q11: TIC MAT COM CUL SST EMP ETI DER | AG11: TIC | AH11: CRISTINA CASTAÑO CASTILLO | AI11: MAT | AJ11: JULIANA HERNANDEZ BARRERA | AK11: ETI | AL11: NELSON ALFREDO VARGAS MORA | AM11: CUL | AN11: CHRISTIAN CAMILO RODRIGUEZ SALAS | AO11: EMP | AP11: ALBERTO ANTONIO TAPIA TORRES | AS11: SST | AT11: DEISY JULIETH GARCIA CASTAÑEDA | AW11: COM | AX11: =IFERROR(VLOOKUP(A11,_p7_2025,2,FALSE),"") -> CESAR AUGUSTO BERMEO | BA11: DER | BB11: =VLOOKUP(A11,_p8_2025,2,FALSE) -> LAURA STHEPHANIA SANCHEZ PABON
A12: 3186303 | B12: TECNICO | C12: 57 | D12: SERVICIOS Y OPERACIONES MICROFINANCIERAS | E12: 31/03/2025 | F12: 46021 | G12: 30/06/2026 | K12: MOISES EDGARDO MERIÑO POLO | M12: YERSON ALVEIRO DUARTE VELASCO | O12: =VLOOKUP(A12,Hoja4!$A$2:$B$247,2,FALSE) -> #N/A | P12: DAVID BAUTISTA ROMERO | Q12: SST COM DER ETI CUL EMP MAT TIC | AG12: SST | AH12: DEISY JULIETH GARCIA CASTAÑEDA | AI12: COM | AJ12: JORGE ARMANDO PIEDRAHITA | AK12: CUL | AL12: MELISSA ANDREA LAITON GARNICA | AM12: ETI | AN12: OLGA STELLA PARDO SARAY | AO12: EMP | AP12: LUIS ARTURO BASTIDAS | AS12: DER | AT12: HECTOR ANDRES CIPAMOCHA CENTENO | AW12: TIC | AX12: =IFERROR(VLOOKUP(A12,_p7_2025,2,FALSE),"") -> ANGELICA JANETH RODRIGUEZ ALONSO | BA12: MAT | BB12: =VLOOKUP(A12,_p8_2025,2,FALSE) -> ELKIN DURAN MANCIPE
A13: 3186304 | B13: TECNICO | C13: 73 | D13: SERVICIOS Y OPERACIONES MICROFINANCIERAS | E13: 31/03/2025 | F13: 46021 | G13: 30/06/2026 | K13: MOISES EDGARDO MERIÑO POLO | M13: YERSON ALVEIRO DUARTE VELASCO | O13: =VLOOKUP(A13,Hoja4!$A$2:$B$247,2,FALSE) -> #N/A | P13: DAVID BAUTISTA ROMERO | Q13: SST COM DER ETI CUL EMP MAT TIC | AG13: SST | AH13: DEISY JULIETH GARCIA CASTAÑEDA | AI13: COM | AJ13: CESAR AUGUSTO BERMEO | AK13: CUL | AL13: MELISSA ANDREA LAITON GARNICA | AM13: ETI | AN13: IVAN DARIO RODRIGUEZ BUSTAMANTE | AO13: EMP | AP13: ESTEFANIA SANDOVAL CRUZ | AS13: DER | AT13: HECTOR ANDRES CIPAMOCHA CENTENO | AW13: TIC | AX13: =IFERROR(VLOOKUP(A13,_p7_2025,2,FALSE),"") -> ANGELICA JANETH RODRIGUEZ ALONSO | BA13: MAT | BB13: =VLOOKUP(A13,_p8_2025,2,FALSE) -> WILDER JULIAN ARIAS HERNANDEZ
A14: 3186305 | B14: TECNICO | C14: 52 | D14: SERVICIOS Y OPERACIONES MICROFINANCIERAS | E14: 31/03/2025 | F14: 46021 | G14: 30/06/2026 | K14: MOISES EDGARDO MERIÑO POLO | M14: YERSON ALVEIRO DUARTE VELASCO | N14: JEIMMY LILIANA CASTILLO GARZON | O14: =VLOOKUP(A14,Hoja4!$A$2:$B$247,2,FALSE) -> #N/A | P14: JHONY ARMANDO RIOS | Q14: SST COM DER ETI CUL EMP MAT TIC | AG14: SST | AH14: DEISY JULIETH GARCIA CASTAÑEDA | AI14: COM | AJ14: CESAR AUGUSTO BERMEO | AK14: CUL | AL14: CHRISTIAN CAMILO RODRIGUEZ SALAS | AM14: ETI | AN14: OLGA STELLA PARDO SARAY | AO14: EMP | AP14: ESTEFANIA SANDOVAL CRUZ | AS14: DER | AT14: MARIA CAROLINA GOMEZ CALLE | AW14: TIC | AX14: =IFERROR(VLOOKUP(A14,_p7_2025,2,FALSE),"") -> CRISTINA CASTAÑO CASTILLO | BA14: MAT | BB14: =VLOOKUP(A14,_p8_2025,2,FALSE) -> WILDER JULIAN ARIAS HERNANDEZ
A15: 3167875 | B15: TECNICO | C15: 51 | D15: ASESORIA COMERCIAL | E15: 01/04/2025 | F15: 46022 | G15: 31/12/2025 | K15: KEBIN CUESTA RENTERIA | M15: LUZ MERY ROZO GUTIERREZ | N15: JEIMMY LILIANA CASTILLO GARZON | O15: =VLOOKUP(A15,Hoja4!$A$2:$B$247,2,FALSE) -> #N/A | P15: JHONY ARMANDO RIOS | Q15: TIC EMP MAT CUL ETI COM SST CIE DER | AG15: TIC | AH15: ERICK RUIZ NOREÑA | AI15: EMP | AJ15: ESTEFANIA SANDOVAL CRUZ | AK15: MAT | AL15: JULIANA HERNANDEZ BARRERA | AM15: CIE | AN15: LAURA SOFIA PAEZ GALLO | AO15: CUL | AP15: CHRISTIAN CAMILO RODRIGUEZ SALAS | AS15: ETI | AT15: NELSON ALFREDO VARGAS MORA | AU15: COM | AV15: CESAR AUGUSTO BERMEO | AW15: SST | AX15: =IFERROR(VLOOKUP(A15,_p7_2025,2,FALSE),"") -> DEISY JULIETH GARCIA CASTAÑEDA | BA15: DER | BB15: =VLOOKUP(A15,_p8_2025,2,FALSE) -> LAURA STHEPHANIA SANCHEZ PABON
A16: 3167876 | B16: TECNICO | C16: 42 | D16: ASESORIA COMERCIAL | E16: 01/04/2025 | F16: 46022 | G16: 31/12/2025 | K16: KEBIN CUESTA RENTERIA | M16: LUZ MERY ROZO GUTIERREZ | N16: JEIMMY LILIANA CASTILLO GARZON | O16: =VLOOKUP(A16,Hoja4!$A$2:$B$247,2,FALSE) -> #N/A | P16: JHONY ARMANDO RIOS | Q16: TIC EMP MAT CUL ETI COM SST CIE DER | AG16: TIC | AH16: ERICK RUIZ NOREÑA | AI16: EMP | AJ16: ESTEFANIA SANDOVAL CRUZ | AK16: MAT | AL16: ELKIN DURAN MANCIPE | AM16: CIE | AN16: LAURA SOFIA PAEZ GALLO | AO16: ETI | AP16: IVAN DARIO RODRIGUEZ BUSTAMANTE | AS16: CUL | AT16: CHRISTIAN CAMILO RODRIGUEZ SALAS | AU16: COM | AV16: NELLY BLANCO RODRIGUEZ | AW16: SST | AX16: =IFERROR(VLOOKUP(A16,_p7_2025,2,FALSE),"") -> DEISY JULIETH GARCIA CASTAÑEDA | BA16: DER | BB16: =VLOOKUP(A16,_p8_2025,2,FALSE) -> LAURA STHEPHANIA SANCHEZ PABON
A17: 3167877 | B17: TECNICO | C17: 56 | D17: ASESORIA COMERCIAL | E17: 01/04/2025 | F17: 46022 | G17: 31/12/2025 | K17: KEBIN CUESTA RENTERIA | M17: LUZ MERY ROZO GUTIERREZ | N17: JEIMMY LILIANA CASTILLO GARZON | O17: =VLOOKUP(A17,Hoja4!$A$2:$B$247,2,FALSE) -> #N/A | P17: JHONY ARMANDO RIOS | Q17: TIC EMP MAT CUL ETI COM SST CIE DER | AG17: TIC | AH17: ERICK RUIZ NOREÑA | AI17: EMP | AJ17: ESTEFANIA SANDOVAL CRUZ | AK17: MAT | AL17: JULIANA HERNANDEZ BARRERA | AM17: CIE | AN17: LAURA SOFIA PAEZ GALLO | AO17: CUL | AP17: MELISSA ANDREA LAITON GARNICA | AS17: ETI | AT17: OLGA STELLA PARDO SARAY | AU17: COM | AV17: NELLY BLANCO RODRIGUEZ | AW17: SST | AX17: =IFERROR(VLOOKUP(A17,_p7_2025,2,FALSE),"") -> JORGE IVAN PEREZ GAITAN | BA17: DER | BB17: =VLOOKUP(A17,_p8_2025,2,FALSE) -> MARIA CAROLINA GOMEZ CALLE
A18: 2977135 | B18: TECNOLOGO | C18: 20 | D18: DESARROLLO MULTIMEDIA Y WEB | E18: 14/05/2024 | F18: =IF( OR(((ROUND((G18-E18)/30,0))=27),((ROUND((G18-E18)/30,0))=15)), EDATE(G18,-6), IF( (ROUND((G18-E18)/30,0))=12, EDATE(G18,-3), IF( (ROUND((G18-E18)/30,0))=9, EDATE(G18,0),"CALCULAR"))) -> 46066 | G18: 13/08/2026 | H18: HELDA MARINA SEPULVEDA VEGA | I18: HELDA MARINA SEPULVEDA VEGA | J18: OLGA STELLA PARDO | M18: HELDA MARINA SEPULVEDA VEGA | N18: ANGELA JULIETTE SILVA VELANDIA | O18: =VLOOKUP(A18,Hoja4!$A$2:$B$247,2,FALSE) -> HELDA MARINA SEPULVEDA VEGA | P18: ANGELA JULIETTE SILVA VELANDIA | Q18: MAT COM TIC INV FIS CUL ETI SST EMP DER | R18: MAT TIC COM FIS SST INV CUL DER ETI EMP | S18: CUL | T18: MELISSA LAITON LAITON GARNICA | U18: EMP | V18: JOHN FRANZ RINCON PENA | W18: COM | X18: CATHERINE LOZADA OTALORA | Y18: ETI | Z18: NELSON ALFREDO VARGAS MORA | AA18: DER | AB18: MARIA CAROLINA GOMEZ CALLE | AE18: MAT | AF18: ELKIN DURAN MANCIPE | AG18: TIC | AH18: ANGELICA JANETH RODRIGUEZ ALONSO | AK18: INV | AL18: CINDY YOHANA BOHORQUEZ GARZON | AO18: FIS | AP18: CAMILO ERNESTO CALDERON GALINDO | AW18: SST | AX18: =IFERROR(VLOOKUP(A18,_p7_2025,2,FALSE),"") -> DEISY JULIETH GARCIA CASTAÑEDA
A19: 2977136 | B19: TECNOLOGO | C19: 25 | D19: DESARROLLO MULTIMEDIA Y WEB | E19: 14/05/2024 | F19: =IF( OR(((ROUND((G19-E19)/30,0))=27),((ROUND((G19-E19)/30,0))=15)), EDATE(G19,-6), IF( (ROUND((G19-E19)/30,0))=12, EDATE(G19,-3), IF( (ROUND((G19-E19)/30,0))=9, EDATE(G19,0),"CALCULAR"))) -> 46066 | G19: 13/08/2026 | H19: HELDA MARINA SEPULVEDA VEGA | I19: HELDA MARINA SEPULVEDA VEGA | J19: OLGA STELLA PARDO | M19: HELDA MARINA SEPULVEDA VEGA | N19: ANGELA JULIETTE SILVA VELANDIA | O19: =VLOOKUP(A19,Hoja4!$A$2:$B$247,2,FALSE) -> HELDA MARINA SEPULVEDA VEGA | P19: ANGELA JULIETTE SILVA VELANDIA | Q19: MAT COM TIC INV FIS CUL ETI SST EMP DER | R19: MAT TIC COM FIS SST INV CUL DER ETI EMP | S19: CUL | T19: YANIS ESTER PEREZ YEPES | U19: FIS | V19: JONATAN LOPEZ CASTILLO | W19: COM | X19: CATHERINE LOZADA OTALORA | Y19: ETI | Z19: LISET NUNEZ RODRIGUEZ | AA19: EMP | AB19: LUIS ARTURO BASTIDAS | AE19: MAT | AF19: ELKIN DURAN MANCIPE | AG19: TIC | AH19: ERICK RUIZ NOREÑA | AK19: INV | AL19: CINDY YOHANA BOHORQUEZ GARZON | AO19: SST | AP19: JORGE IVAN PEREZ GAITAN | AW19: DER | AX19: =IFERROR(VLOOKUP(A19,_p7_2025,2,FALSE),"") -> MARIA CAROLINA GOMEZ CALLE
A20: 2977137 | B20: TECNOLOGO | C20: 20 | D20: DESARROLLO MULTIMEDIA Y WEB | E20: 14/05/2024 | F20: =IF( OR(((ROUND((G20-E20)/30,0))=27),((ROUND((G20-E20)/30,0))=15)), EDATE(G20,-6), IF( (ROUND((G20-E20)/30,0))=12, EDATE(G20,-3), IF( (ROUND((G20-E20)/30,0))=9, EDATE(G20,0),"CALCULAR"))) -> 46066 | G20: 13/08/2026 | H20: HELDA MARINA SEPULVEDA VEGA | I20: HELDA MARINA SEPULVEDA VEGA | J20: OLGA STELLA PARDO | M20: HELDA MARINA SEPULVEDA VEGA | N20: ANGELA JULIETTE SILVA VELANDIA | O20: =VLOOKUP(A20,Hoja4!$A$2:$B$247,2,FALSE) -> HELDA MARINA SEPULVEDA VEGA | P20: ANGELA JULIETTE SILVA VELANDIA | Q20: MAT COM TIC INV FIS CUL ETI SST EMP DER | R20: MAT TIC COM FIS SST INV CUL DER ETI EMP | S20: CUL | T20: MELISSA LAITON LAITON GARNICA | U20: FIS | V20: JONATAN LOPEZ CASTILLO | W20: EMP | X20: LUIS ARTURO BASTIDAS | Y20: ETI | Z20: IVAN DARIO RODRIGUEZ BUSTAMANTE | AA20: INV | AB20: CINDY YOHANA BOHORQUEZ GARZON | AE20: MAT | AF20: JULIANA HERNANDEZ BARRERA | AG20: COM | AH20: JORGE ARMANDO PIEDRAHITA | AK20: TIC | AL20: CRISTINA CASTAÑO CASTILLO | AO20: SST | AP20: DEISY JULIETH GARCIA CASTAÑEDA | AW20: DER | AX20: =IFERROR(VLOOKUP(A20,_p7_2025,2,FALSE),"") -> HECTOR ANDRES CIPAMOCHA CENTENO
A21: 2977138 | B21: TECNOLOGO | C21: 25 | D21: DESARROLLO MULTIMEDIA Y WEB | E21: 14/05/2024 | F21: =IF( OR(((ROUND((G21-E21)/30,0))=27),((ROUND((G21-E21)/30,0))=15)), EDATE(G21,-6), IF( (ROUND((G21-E21)/30,0))=12, EDATE(G21,-3), IF( (ROUND((G21-E21)/30,0))=9, EDATE(G21,0),"CALCULAR"))) -> 46066 | G21: 13/08/2026 | H21: HELDA MARINA SEPULVEDA VEGA | I21: HELDA MARINA SEPULVEDA VEGA | J21: OLGA STELLA PARDO | M21: HELDA MARINA SEPULVEDA VEGA | N21: ANGELA JULIETTE SILVA VELANDIA | O21: =VLOOKUP(A21,Hoja4!$A$2:$B$247,2,FALSE) -> HELDA MARINA SEPULVEDA VEGA | P21: ANGELA JULIETTE SILVA VELANDIA | Q21: MAT COM TIC INV FIS CUL ETI SST EMP DER | R21: MAT TIC COM FIS SST INV CUL DER ETI EMP | S21: CUL | T21: YANIS ESTER PEREZ YEPES | U21: FIS | V21: JONATAN LOPEZ CASTILLO | W21: EMP | X21: CLAUDIA ALICIA HERNANDEZ MESA | Y21: ETI | Z21: IVAN DARIO RODRIGUEZ BUSTAMANTE | AA21: INV | AB21: CINDY YOHANA BOHORQUEZ GARZON | AC21: DER | AD21: HECTOR ANDRES CIPAMOCHA CENTENO | AE21: MAT | AF21: ELKIN DURAN MANCIPE | AG21: SST | AH21: MARINELLA DIAZ ACOSTA | AK21: COM | AL21: CESAR AUGUSTO BERMEO | AW21: TIC | AX21: =IFERROR(VLOOKUP(A21,_p7_2025,2,FALSE),"") -> ANGELICA JANETH RODRIGUEZ ALONSO
A22: 2977225 | B22: TECNOLOGO | C22: 33 | D22: DESARROLLO DE MEDIOS GRAFICOS VISUALES | E22: 14/05/2024 | F22: =IF( OR(((ROUND((G22-E22)/30,0))=27),((ROUND((G22-E22)/30,0))=15)), EDATE(G22,-6), IF( (ROUND((G22-E22)/30,0))=12, EDATE(G22,-3), IF( (ROUND((G22-E22)/30,0))=9, EDATE(G22,0),"CALCULAR"))) -> 46066 | G22: 13/08/2026 | H22: JULIAN DAVID RODRIGUEZ GARZON | I22: JULIAN DAVID RODRIGUEZ GARZON | J22: GUSTAVO ADOLFO MORALES CAMARGO | L22: JULIAN DAVID RODRIGUEZ GARZON | M22: WANDA POSADA PAZ | N22: ANGELA JULIETTE SILVA VELANDIA | O22: =VLOOKUP(A22,Hoja4!$A$2:$B$247,2,FALSE) -> WANDA POSADA PAZ | P22: ANGELA JULIETTE SILVA VELANDIA | Q22: TIC MAT COM SST DER EMP INV FIS CUL ETI | R22: MAT TIC COM FIS SST INV CUL DER ETI EMP | S22: TIC | T22: EULISES MOGOLLON ORTIZ | U22: COM | V22: CATHERINE LOZADA OTALORA | W22: ETI | X22: CLAUDIA YAMILE MORALES CASTRO | AA22: SST | AB22: JORGE IVAN PEREZ GAITAN | AC22: MAT | AD22: ELKIN DURAN MANCIPE | AE22: DER | AF22: MARIA CAROLINA GOMEZ CALLE | AG22: EMP | AH22: LUIS ARTURO BASTIDAS | AK22: CUL | AL22: MELISSA ANDREA LAITON GARNICA | AO22: FIS | AP22: CAMILO ERNESTO CALDERON GALINDO | AX22: =IFERROR(VLOOKUP(A22,_p7_2025,2,FALSE),"") | BA22: INV | BB22: =VLOOKUP(A22,_p8_2025,2,FALSE) -> CINDY YOHANA BOHORQUEZ GARZON
A23: 2977226 | B23: TECNOLOGO | C23: 29 | D23: DESARROLLO DE MEDIOS GRAFICOS VISUALES | E23: 14/05/2024 | F23: =IF( OR(((ROUND((G23-E23)/30,0))=27),((ROUND((G23-E23)/30,0))=15)), EDATE(G23,-6), IF( (ROUND((G23-E23)/30,0))=12, EDATE(G23,-3), IF( (ROUND((G23-E23)/30,0))=9, EDATE(G23,0),"CALCULAR"))) -> 46066 | G23: 13/08/2026 | H23: JULIAN DAVID RODRIGUEZ GARZON | I23: JULIAN DAVID RODRIGUEZ GARZON | J23: GUSTAVO ADOLFO MORALES CAMARGO | L23: JULIAN DAVID RODRIGUEZ GARZON | M23: WANDA POSADA PAZ | N23: ANGELA JULIETTE SILVA VELANDIA | O23: =VLOOKUP(A23,Hoja4!$A$2:$B$247,2,FALSE) -> WANDA POSADA PAZ | P23: ANGELA JULIETTE SILVA VELANDIA | Q23: TIC MAT COM SST DER EMP INV FIS CUL ETI | R23: MAT TIC COM FIS SST INV CUL DER ETI EMP | S23: TIC | T23: CRISTINA CASTANO CASTILLO | U23: COM | V23: JORGE ARMANDO PIEDRAHITA CABRERA | W23: ETI | X23: LISET NUNEZ RODRIGUEZ | AA23: SST | AB23: JORGE IVAN PEREZ GAITAN | AC23: MAT | AD23: ELKIN DURAN MANCIPE | AE23: DER | AF23: HECTOR ANDRES CIPAMOCHA CENTENO | AG23: EMP | AH23: ALBERTO ANTONIO TAPIA TORRES | AK23: CUL | AL23: MELISSA ANDREA LAITON GARNICA | AO23: FIS | AP23: CAMILO ERNESTO CALDERON GALINDO | AX23: =IFERROR(VLOOKUP(A23,_p7_2025,2,FALSE),"") | BA23: INV | BB23: =VLOOKUP(A23,_p8_2025,2,FALSE) -> CINDY YOHANA BOHORQUEZ GARZON
A24: 2977227 | B24: TECNOLOGO | C24: 35 | D24: DESARROLLO DE MEDIOS GRAFICOS VISUALES | E24: 14/05/2024 | F24: =IF( OR(((ROUND((G24-E24)/30,0))=27),((ROUND((G24-E24)/30,0))=15)), EDATE(G24,-6), IF( (ROUND((G24-E24)/30,0))=12, EDATE(G24,-3), IF( (ROUND((G24-E24)/30,0))=9, EDATE(G24,0),"CALCULAR"))) -> 46066 | G24: 13/08/2026 | H24: JULIAN DAVID RODRIGUEZ GARZON | I24: JULIAN DAVID RODRIGUEZ GARZON | J24: GUSTAVO ADOLFO MORALES CAMARGO | L24: JULIAN DAVID RODRIGUEZ GARZON | M24: WANDA POSADA PAZ | N24: ANGELA JULIETTE SILVA VELANDIA | O24: =VLOOKUP(A24,Hoja4!$A$2:$B$247,2,FALSE) -> WANDA POSADA PAZ | P24: ANGELA JULIETTE SILVA VELANDIA | Q24: TIC MAT COM SST DER EMP INV FIS CUL ETI | R24: MAT TIC COM FIS SST INV CUL DER ETI EMP | S24: TIC | T24: CRISTINA CASTANO CASTILLO | U24: COM | V24: JORGE ARMANDO PIEDRAHITA CABRERA | W24: ETI | X24: NELSON ALFREDO VARGAS MORA | Y24: SST | Z24: JORGE IVAN PEREZ GAITAN | AA24: CUL | AB24: CHRISTIAN CAMILO RODRIGUEZ SALAS | AC24: MAT | AD24: ELKIN DURAN MANCIPE | AE24: DER | AF24: HECTOR ANDRES CIPAMOCHA CENTENO | AG24: EMP | AH24: ALBERTO ANTONIO TAPIA TORRES | AO24: FIS | AP24: CAMILO ERNESTO CALDERON GALINDO | AX24: =IFERROR(VLOOKUP(A24,_p7_2025,2,FALSE),"") | BA24: INV | BB24: =VLOOKUP(A24,_p8_2025,2,FALSE) -> CINDY YOHANA BOHORQUEZ GARZON
A25: 2977228 | B25: TECNOLOGO | C25: 34 | D25: DESARROLLO DE MEDIOS GRAFICOS VISUALES | E25: 14/05/2024 | F25: =IF( OR(((ROUND((G25-E25)/30,0))=27),((ROUND((G25-E25)/30,0))=15)), EDATE(G25,-6), IF( (ROUND((G25-E25)/30,0))=12, EDATE(G25,-3), IF( (ROUND((G25-E25)/30,0))=9, EDATE(G25,0),"CALCULAR"))) -> 46066 | G25: 13/08/2026 | H25: LEYDY NAHIR FONSECA CARDENAS | I25: LEYDY NAHIR FONSECA CARDENAS | J25: GUSTAVO ADOLFO MORALES CAMARGO | M25: LEYDY NAHIR FONSECA CARDENAS | N25: ANGELA JULIETTE SILVA VELANDIA | O25: =VLOOKUP(A25,Hoja4!$A$2:$B$247,2,FALSE) -> LEYDY NAHIR FONSECA CARDENAS | P25: ANGELA JULIETTE SILVA VELANDIA | Q25: TIC MAT COM SST DER EMP INV FIS CUL ETI | R25: MAT TIC COM FIS SST INV CUL DER ETI EMP | S25: TIC | T25: EULISES MOGOLLON ORTIZ | U25: COM | V25: JORGE ARMANDO PIEDRAHITA CABRERA | W25: ETI | X25: NELLYS JANETH BLANCO RODRIGUEZ | Y25: SST | Z25: LORENA SUAREZ CORREA | AA25: CUL | AB25: CHRISTIAN CAMILO RODRIGUEZ SALAS | AC25: MAT | AD25: JULIANA HERNANDEZ BARRERA | AE25: DER | AF25: MARIA CAROLINA GOMEZ CALLE | AG25: EMP | AH25: ALBERTO ANTONIO TAPIA TORRES | AW25: FIS | AX25: =IFERROR(VLOOKUP(A25,_p7_2025,2,FALSE),"") -> CAMILO ERNESTO CALDERON GALINDO | BA25: INV | BB25: =VLOOKUP(A25,_p8_2025,2,FALSE) -> CINDY YOHANA BOHORQUEZ GARZON
A26: 2977229 | B26: TECNOLOGO | C26: 31 | D26: DESARROLLO DE MEDIOS GRAFICOS VISUALES | E26: 14/05/2024 | F26: =IF( OR(((ROUND((G26-E26)/30,0))=27),((ROUND((G26-E26)/30,0))=15)), EDATE(G26,-6), IF( (ROUND((G26-E26)/30,0))=12, EDATE(G26,-3), IF( (ROUND((G26-E26)/30,0))=9, EDATE(G26,0),"CALCULAR"))) -> 46066 | G26: 13/08/2026 | H26: LEYDY NAHIR FONSECA CARDENAS | I26: LEYDY NAHIR FONSECA CARDENAS | J26: GUSTAVO ADOLFO MORALES CAMARGO | M26: LEYDY NAHIR FONSECA CARDENAS | N26: DAVID BAUTISTA ROMERO | O26: =VLOOKUP(A26,Hoja4!$A$2:$B$247,2,FALSE) -> LEYDY NAHIR FONSECA CARDENAS | P26: DAVID BAUTISTA ROMERO | Q26: TIC MAT COM SST DER EMP INV FIS CUL ETI | R26: MAT TIC COM FIS SST INV CUL DER ETI EMP | S26: TIC | T26: CRISTINA CASTANO CASTILLO | U26: COM | V26: CATHERINE LOZADA OTALORA | W26: ETI | X26: IVAN DARIO RODRIGUEZ BUSTAMANTE | Y26: SST | Z26: JORGE IVAN PEREZ GAITAN | AA26: CUL | AB26: CHRISTIAN CAMILO RODRIGUEZ SALAS | AE26: MAT | AF26: ELKIN DURAN MANCIPE | AG26: EMP | AH26: ALBERTO ANTONIO TAPIA TORRES | AK26: DER | AL26: MARIA CAROLINA GOMEZ CALLE | AW26: FIS | AX26: =IFERROR(VLOOKUP(A26,_p7_2025,2,FALSE),"") -> CAMILO ERNESTO CALDERON GALINDO | BA26: INV | BB26: =VLOOKUP(A26,_p8_2025,2,FALSE) -> CINDY YOHANA BOHORQUEZ GARZON
A27: 2977230 | B27: TECNOLOGO | C27: 23 | D27: DESARROLLO DE MEDIOS GRAFICOS VISUALES | E27: 14/05/2024 | F27: =IF( OR(((ROUND((G27-E27)/30,0))=27),((ROUND((G27-E27)/30,0))=15)), EDATE(G27,-6), IF( (ROUND((G27-E27)/30,0))=12, EDATE(G27,-3), IF( (ROUND((G27-E27)/30,0))=9, EDATE(G27,0),"CALCULAR"))) -> 46066 | G27: 13/08/2026 | H27: LEYDY NAHIR FONSECA CARDENAS | I27: LEYDY NAHIR FONSECA CARDENAS | J27: GUSTAVO ADOLFO MORALES CAMARGO | M27: LEYDY NAHIR FONSECA CARDENAS | N27: DAVID BAUTISTA ROMERO | O27: =VLOOKUP(A27,Hoja4!$A$2:$B$247,2,FALSE) -> LEYDY NAHIR FONSECA CARDENAS | P27: DAVID BAUTISTA ROMERO | Q27: TIC MAT COM SST DER EMP INV FIS CUL ETI | R27: MAT TIC COM FIS SST INV CUL DER ETI EMP | S27: TIC | T27: CRISTINA CASTANO CASTILLO | U27: CUL | V27: YANIS ESTER PEREZ YEPES | W27: ETI | X27: IVAN DARIO RODRIGUEZ BUSTAMANTE | AA27: INV | AB27: CINDY YOHANA BOHORQUEZ GARZON | AC27: SST | AD27: DEISY JULIETH GARCIA CASTAÑEDA | AE27: MAT | AF27: JULIANA HERNANDEZ BARRERA | AG27: EMP | AH27: ALBERTO ANTONIO TAPIA TORRES | AK27: COM | AL27: CESAR AUGUSTO BERMEO | AO27: DER | AP27: HECTOR ANDRES CIPAMOCHA CENTENO | AW27: FIS | AX27: =IFERROR(VLOOKUP(A27,_p7_2025,2,FALSE),"") -> CAMILO ERNESTO CALDERON GALINDO
A28: 2977457 | B28: TECNOLOGO | C28: 27 | D28: ANALISIS Y DESARROLLO DE SOFTWARE | E28: 14/05/2024 | F28: =IF( OR(((ROUND((G28-E28)/30,0))=27),((ROUND((G28-E28)/30,0))=15)), EDATE(G28,-6), IF( (ROUND((G28-E28)/30,0))=12, EDATE(G28,-3), IF( (ROUND((G28-E28)/30,0))=9, EDATE(G28,0),"CALCULAR"))) -> 46066 | G28: 13/08/2026 | H28: JHON MANUEL SOTO CALA | I28: JHON MANUEL SOTO CALA | J28: MARINELLA DIAZ ACOSTA | M28: EDUER PABON MORALES | N28: DAVID BAUTISTA ROMERO | O28: =VLOOKUP(A28,Hoja4!$A$2:$B$247,2,FALSE) -> EDUER PABON MORALES | P28: DAVID BAUTISTA ROMERO | Q28: MAT TIC COM INV FIS EMP ETI SST CUL DER | R28: MAT TIC COM FIS SST INV CUL DER ETI EMP | S28: ETI | T28: STEPHANIE DURAN BARRAGAN | U28: CUL | V28: MELISSA LAITON LAITON GARNICA | W28: EMP | X28: CLAUDIA ALICIA HERNANDEZ MESA | Y28: SST | Z28: LORENA SUAREZ CORREA | AA28: INV | AB28: FRANCI PAOLA LOZANO PIRAQUIVE | AC28: MAT | AD28: ELKIN DURAN MANCIPE | AE28: FIS | AF28: CAMILO ERNESTO CALDERON GALINDO | AG28: TIC | AH28: ANGELICA JANETH RODRIGUEZ ALONSO | AK28: DER | AL28: LAURA STHEPHANIA SANCHEZ PABON | AX28: =IFERROR(VLOOKUP(A28,_p7_2025,2,FALSE),"") | BA28: COM | BB28: =VLOOKUP(A28,_p8_2025,2,FALSE) -> JORGE ARMANDO PIEDRAHITA
A29: 2977458 | B29: TECNOLOGO | C29: 36 | D29: ANALISIS Y DESARROLLO DE SOFTWARE | E29: 14/05/2024 | F29: =IF( OR(((ROUND((G29-E29)/30,0))=27),((ROUND((G29-E29)/30,0))=15)), EDATE(G29,-6), IF( (ROUND((G29-E29)/30,0))=12, EDATE(G29,-3), IF( (ROUND((G29-E29)/30,0))=9, EDATE(G29,0),"CALCULAR"))) -> 46066 | G29: 13/08/2026 | H29: ANA MILENA MOSQUERA SEVILLA | I29: ANA MILENA MOSQUERA SEVILLA | J29: MARINELLA DIAZ ACOSTA | M29: ANA MILENA MOSQUERA SEVILLA | N29: DAVID BAUTISTA ROMERO | O29: =VLOOKUP(A29,Hoja4!$A$2:$B$247,2,FALSE) -> ANA MILENA MOSQUERA SEVILLA | P29: DAVID BAUTISTA ROMERO | Q29: MAT TIC COM INV FIS EMP ETI SST CUL DER | R29: MAT TIC COM FIS SST INV CUL DER ETI EMP | S29: ETI | T29: STEPHANIE DURAN BARRAGAN | U29: CUL | V29: MELISSA LAITON LAITON GARNICA | W29: EMP | X29: NUBIA STELLA CARRENO AMAYA | Y29: SST | Z29: LORENA SUAREZ CORREA | AA29: DER | AB29: HECTOR ANDRES CIPAMOCHA CENTENO | AC29: MAT | AD29: JULIANA HERNANDEZ BARRERA | AE29: TIC | AF29: CRISTINA CASTANO CASTILLO | AG29: FIS | AH29: CAMILO ERNESTO CALDERON GALINDO | AK29: COM | AL29: ALBA LUCIA BELTRAN | AS29: INV | AT29: CINDY YOHANA BOHORQUEZ GARZON | AX29: =IFERROR(VLOOKUP(A29,_p7_2025,2,FALSE),"")
A30: 2977459 | B30: TECNOLOGO | C30: 35 | D30: ANALISIS Y DESARROLLO DE SOFTWARE | E30: 14/05/2024 | F30: =IF( OR(((ROUND((G30-E30)/30,0))=27),((ROUND((G30-E30)/30,0))=15)), EDATE(G30,-6), IF( (ROUND((G30-E30)/30,0))=12, EDATE(G30,-3), IF( (ROUND((G30-E30)/30,0))=9, EDATE(G30,0),"CALCULAR"))) -> 46066 | G30: 13/08/2026 | H30: ANA MILENA MOSQUERA SEVILLA | I30: ANA MILENA MOSQUERA SEVILLA | J30: MARINELLA DIAZ ACOSTA | M30: ANA MILENA MOSQUERA SEVILLA | N30: DAVID BAUTISTA ROMERO | O30: =VLOOKUP(A30,Hoja4!$A$2:$B$247,2,FALSE) -> ANA MILENA MOSQUERA SEVILLA | P30: DAVID BAUTISTA ROMERO | Q30: MAT TIC COM INV FIS EMP ETI SST CUL DER | R30: MAT TIC COM FIS SST INV CUL DER ETI EMP | S30: ETI | T30: STEPHANIE DURAN BARRAGAN | U30: CUL | V30: YANIS ESTER PEREZ YEPES | W30: EMP | X30: ESTEFANIA SANDOVAL CRUZ | Y30: SST | Z30: LORENA SUAREZ CORREA | AA30: DER | AB30: HECTOR ANDRES CIPAMOCHA CENTENO | AC30: MAT | AD30: JULIANA HERNANDEZ BARRERA | AE30: TIC | AF30: ERICK RUIZ NOREÑA | AG30: FIS | AH30: CAMILO ERNESTO CALDERON GALINDO | AK30: COM | AL30: ALBA LUCIA BELTRAN | AS30: INV | AT30: CINDY YOHANA BOHORQUEZ GARZON | AX30: =IFERROR(VLOOKUP(A30,_p7_2025,2,FALSE),"")
A31: 2977460 | B31: TECNOLOGO | C31: 37 | D31: ANALISIS Y DESARROLLO DE SOFTWARE | E31: 14/05/2024 | F31: =IF( OR(((ROUND((G31-E31)/30,0))=27),((ROUND((G31-E31)/30,0))=15)), EDATE(G31,-6), IF( (ROUND((G31-E31)/30,0))=12, EDATE(G31,-3), IF( (ROUND((G31-E31)/30,0))=9, EDATE(G31,0),"CALCULAR"))) -> 46066 | G31: 13/08/2026 | H31: ANA MILENA MOSQUERA SEVILLA | I31: ANA MILENA MOSQUERA SEVILLA | J31: MARINELLA DIAZ ACOSTA | M31: ANA MILENA MOSQUERA SEVILLA | N31: DAVID BAUTISTA ROMERO | O31: =VLOOKUP(A31,Hoja4!$A$2:$B$247,2,FALSE) -> ANA MILENA MOSQUERA SEVILLA | P31: DAVID BAUTISTA ROMERO | Q31: MAT TIC COM INV FIS EMP ETI SST CUL DER | R31: MAT TIC COM FIS SST INV CUL DER ETI EMP | S31: ETI | T31: STEPHANIE DURAN BARRAGAN | U31: CUL | V31: MELISSA LAITON LAITON GARNICA | W31: EMP | X31: LUIS ARTURO BASTIDAS | AA31: SST | AB31: LORENA SUAREZ CORREA | AC31: MAT | AD31: ELKIN DURAN MANCIPE | AE31: TIC | AF31: ERICK RUIZ NOREÑA | AG31: INV | AH31: FRANCI PAOLA LOZANO PIRAQUIVE | AK31: DER | AL31: MARIA CAROLINA GOMEZ CALLE | AW31: FIS | AX31: =IFERROR(VLOOKUP(A31,_p7_2025,2,FALSE),"") -> CAMILO ERNESTO CALDERON GALINDO | BA31: COM | BB31: =VLOOKUP(A31,_p8_2025,2,FALSE) -> CESAR AUGUSTO BERMEO
A32: 2977461 | B32: TECNOLOGO | C32: 38 | D32: ANALISIS Y DESARROLLO DE SOFTWARE | E32: 14/05/2024 | F32: =IF( OR(((ROUND((G32-E32)/30,0))=27),((ROUND((G32-E32)/30,0))=15)), EDATE(G32,-6), IF( (ROUND((G32-E32)/30,0))=12, EDATE(G32,-3), IF( (ROUND((G32-E32)/30,0))=9, EDATE(G32,0),"CALCULAR"))) -> 46066 | G32: 13/08/2026 | H32: ANA MILENA MOSQUERA SEVILLA | I32: ANA MILENA MOSQUERA SEVILLA | J32: MARINELLA DIAZ ACOSTA | M32: ANA MILENA MOSQUERA SEVILLA | N32: DAVID BAUTISTA ROMERO | O32: =VLOOKUP(A32,Hoja4!$A$2:$B$247,2,FALSE) -> ANA MILENA MOSQUERA SEVILLA | P32: DAVID BAUTISTA ROMERO | Q32: MAT TIC COM INV FIS EMP ETI SST CUL DER | R32: MAT TIC COM FIS SST INV CUL DER ETI EMP | S32: ETI | T32: STEPHANIE DURAN BARRAGAN | U32: CUL | V32: CHRISTIAN CAMILO RODRIGUEZ SALAS | W32: EMP | X32: ESTEFANIA SANDOVAL CRUZ | Y32: SST | Z32: MARINELLA DIAZ ACOSTA | AA32: DER | AB32: MARIA CAROLINA GOMEZ CALLE | AC32: MAT | AD32: JULIANA HERNANDEZ BARRERA | AE32: TIC | AF32: ERICK RUIZ NOREÑA | AG32: INV | AH32: FRANCI PAOLA LOZANO PIRAQUIVE | AK32: COM | AL32: CESAR AUGUSTO BERMEO | AO32: FIS | AP32: CAMILO ERNESTO CALDERON GALINDO | AX32: =IFERROR(VLOOKUP(A32,_p7_2025,2,FALSE),"")
A33: 2977462 | B33: TECNOLOGO | C33: 32 | D33: ANALISIS Y DESARROLLO DE SOFTWARE | E33: 14/05/2024 | F33: =IF( OR(((ROUND((G33-E33)/30,0))=27),((ROUND((G33-E33)/30,0))=15)), EDATE(G33,-6), IF( (ROUND((G33-E33)/30,0))=12, EDATE(G33,-3), IF( (ROUND((G33-E33)/30,0))=9, EDATE(G33,0),"CALCULAR"))) -> 46066 | G33: 13/08/2026 | H33: ELIZABETH GELVES GELVES | I33: ELIZABETH GELVES GELVES | J33: MARINELLA DIAZ ACOSTA | M33: ELIZABETH GELVES GELVES | N33: DAVID BAUTISTA ROMERO | O33: =VLOOKUP(A33,Hoja4!$A$2:$B$247,2,FALSE) -> ELIZABETH GELVES GELVES | P33: DAVID BAUTISTA ROMERO | Q33: MAT TIC COM INV FIS EMP ETI SST CUL DER | R33: MAT TIC COM FIS SST INV CUL DER ETI EMP | S33: ETI | T33: STEPHANIE DURAN BARRAGAN | U33: CUL | V33: YANIS ESTER PEREZ YEPES | W33: EMP | X33: CLAUDIA ALICIA HERNANDEZ MESA | Y33: SST | Z33: JORGE IVAN PEREZ GAITAN | AA33: COM | AB33: JORGE ARMANDO PIEDRAHITA CABRERA | AC33: MAT | AD33: JULIANA HERNANDEZ BARRERA | AE33: TIC | AF33: CRISTINA CASTANO CASTILLO | AG33: INV | AH33: CINDY YOHANA BOHORQUEZ GARZON | AO33: FIS | AP33: CAMILO ERNESTO CALDERON GALINDO | AW33: DER | AX33: =IFERROR(VLOOKUP(A33,_p7_2025,2,FALSE),"") -> HECTOR ANDRES CIPAMOCHA CENTENO
A34: 2977463 | B34: TECNOLOGO | C34: 29 | D34: ANALISIS Y DESARROLLO DE SOFTWARE | E34: 14/05/2024 | F34: =IF( OR(((ROUND((G34-E34)/30,0))=27),((ROUND((G34-E34)/30,0))=15)), EDATE(G34,-6), IF( (ROUND((G34-E34)/30,0))=12, EDATE(G34,-3), IF( (ROUND((G34-E34)/30,0))=9, EDATE(G34,0),"CALCULAR"))) -> 46066 | G34: 13/08/2026 | H34: ELIZABETH GELVES GELVES | I34: ELIZABETH GELVES GELVES | J34: MARINELLA DIAZ ACOSTA | M34: ELIZABETH GELVES GELVES | N34: DAVID BAUTISTA ROMERO | O34: =VLOOKUP(A34,Hoja4!$A$2:$B$247,2,FALSE) -> ELIZABETH GELVES GELVES | P34: DAVID BAUTISTA ROMERO | Q34: MAT TIC COM INV FIS EMP ETI SST CUL DER | R34: MAT TIC COM FIS SST INV CUL DER ETI EMP | S34: ETI | T34: STEPHANIE DURAN BARRAGAN | U34: CUL | V34: CHRISTIAN CAMILO RODRIGUEZ SALAS | W34: EMP | X34: NUBIA STELLA CARRENO AMAYA | AA34: SST | AB34: JORGE IVAN PEREZ GAITAN | AC34: MAT | AD34: ELKIN DURAN MANCIPE | AE34: TIC | AF34: CRISTINA CASTANO CASTILLO | AG34: INV | AH34: FRANCI PAOLA LOZANO PIRAQUIVE | AK34: DER | AL34: MARIA CAROLINA GOMEZ CALLE | AW34: FIS | AX34: =IFERROR(VLOOKUP(A34,_p7_2025,2,FALSE),"") -> CAMILO ERNESTO CALDERON GALINDO | BA34: COM | BB34: =VLOOKUP(A34,_p8_2025,2,FALSE) -> JORGE ARMANDO PIEDRAHITA
A35: 2977464 | B35: TECNOLOGO | C35: 23 | D35: ANALISIS Y DESARROLLO DE SOFTWARE | E35: 14/05/2024 | F35: =IF( OR(((ROUND((G35-E35)/30,0))=27),((ROUND((G35-E35)/30,0))=15)), EDATE(G35,-6), IF( (ROUND((G35-E35)/30,0))=12, EDATE(G35,-3), IF( (ROUND((G35-E35)/30,0))=9, EDATE(G35,0),"CALCULAR"))) -> 46066 | G35: 13/08/2026 | H35: ELIZABETH GELVES GELVES | I35: ELIZABETH GELVES GELVES | J35: MARINELLA DIAZ ACOSTA | M35: ELIZABETH GELVES GELVES | N35: DAVID BAUTISTA ROMERO | O35: =VLOOKUP(A35,Hoja4!$A$2:$B$247,2,FALSE) -> ELIZABETH GELVES GELVES | P35: DAVID BAUTISTA ROMERO | Q35: MAT TIC COM INV FIS EMP ETI SST CUL DER | R35: MAT TIC COM FIS SST INV CUL DER ETI EMP | S35: ETI | T35: STEPHANIE DURAN BARRAGAN | U35: CUL | V35: MELISSA LAITON LAITON GARNICA | W35: EMP | X35: NUBIA STELLA CARRENO AMAYA | Y35: SST | Z35: LORENA SUAREZ CORREA | AA35: MAT | AB35: ELKIN DURAN MANCIPE | AC35: TIC | AD35: ERICK RUIZ NOREÑA | AE35: COM | AF35: JORGE ARMANDO PIEDRAHITA CABRERA | AG35: INV | AH35: FRANCI PAOLA LOZANO PIRAQUIVE | AO35: FIS | AP35: CAMILO ERNESTO CALDERON GALINDO | AW35: DER | AX35: =IFERROR(VLOOKUP(A35,_p7_2025,2,FALSE),"") -> LAURA STHEPHANIA SANCHEZ PABON
A36: 2977465 | B36: TECNOLOGO | C36: 25 | D36: ANALISIS Y DESARROLLO DE SOFTWARE | E36: 14/05/2024 | F36: =IF( OR(((ROUND((G36-E36)/30,0))=27),((ROUND((G36-E36)/30,0))=15)), EDATE(G36,-6), IF( (ROUND((G36-E36)/30,0))=12, EDATE(G36,-3), IF( (ROUND((G36-E36)/30,0))=9, EDATE(G36,0),"CALCULAR"))) -> 46066 | G36: 13/08/2026 | H36: ELIZABETH GELVES GELVES | I36: ELIZABETH GELVES GELVES | J36: LUIS ARTURO BASTIDAS | M36: ELIZABETH GELVES GELVES | N36: DAVID BAUTISTA ROMERO | O36: =VLOOKUP(A36,Hoja4!$A$2:$B$247,2,FALSE) -> ELIZABETH GELVES GELVES | P36: DAVID BAUTISTA ROMERO | Q36: MAT TIC COM INV FIS EMP ETI SST CUL DER | R36: MAT TIC COM FIS SST INV CUL DER ETI EMP | S36: ETI | T36: STEPHANIE DURAN BARRAGAN | U36: CUL | V36: MELISSA LAITON LAITON GARNICA | W36: EMP | X36: ESTEFANIA SANDOVAL CRUZ | Y36: SST | Z36: MARINELLA DIAZ ACOSTA | AA36: MAT | AB36: JULIANA HERNANDEZ BARRERA | AC36: TIC | AD36: CRISTINA CASTANO CASTILLO | AE36: COM | AF36: JORGE ARMANDO PIEDRAHITA CABRERA | AG36: INV | AH36: CINDY YOHANA BOHORQUEZ GARZON | AK36: FIS | AL36: CAMILO ERNESTO CALDERON GALINDO | AO36: DER | AP36: HECTOR ANDRES CIPAMOCHA CENTENO | AX36: =IFERROR(VLOOKUP(A36,_p7_2025,2,FALSE),"")
A37: 2977466 | B37: TECNOLOGO | C37: 29 | D37: ANALISIS Y DESARROLLO DE SOFTWARE | E37: 14/05/2024 | F37: =IF( OR(((ROUND((G37-E37)/30,0))=27),((ROUND((G37-E37)/30,0))=15)), EDATE(G37,-6), IF( (ROUND((G37-E37)/30,0))=12, EDATE(G37,-3), IF( (ROUND((G37-E37)/30,0))=9, EDATE(G37,0),"CALCULAR"))) -> 46066 | G37: 13/08/2026 | H37: ANDRES RUBIANO CUCARIAN | I37: ANDRES RUBIANO CUCARIAN | J37: LUIS ARTURO BASTIDAS | L37: ANDRES RUBIANO CUCARIAN | M37: JUAN CARLOS GUERRERO MALDONADO | N37: DAVID BAUTISTA ROMERO | O37: =VLOOKUP(A37,Hoja4!$A$2:$B$247,2,FALSE) -> JUAN CARLOS GUERRERO MALDONADO | P37: DAVID BAUTISTA ROMERO | Q37: MAT TIC COM INV FIS EMP ETI SST CUL DER | R37: MAT TIC COM FIS SST INV CUL DER ETI EMP | S37: ETI | T37: NELLYS JANETH BLANCO RODRIGUEZ | U37: CUL | V37: CHRISTIAN CAMILO RODRIGUEZ SALAS | W37: EMP | X37: ESTEFANIA SANDOVAL CRUZ | Y37: SST | Z37: JORGE IVAN PEREZ GAITAN | AA37: MAT | AB37: JULIANA HERNANDEZ BARRERA | AC37: TIC | AD37: ERICK RUIZ NOREÑA | AE37: COM | AF37: CESAR AUGUSTO BERMEO | AG37: INV | AH37: FRANCI PAOLA LOZANO PIRAQUIVE | AK37: FIS | AL37: CAMILO ERNESTO CALDERON GALINDO | AO37: DER | AP37: HECTOR ANDRES CIPAMOCHA CENTENO | AX37: =IFERROR(VLOOKUP(A37,_p7_2025,2,FALSE),"")
A38: 2977467 | B38: TECNOLOGO | C38: 27 | D38: ANALISIS Y DESARROLLO DE SOFTWARE | E38: 14/05/2024 | F38: =IF( OR(((ROUND((G38-E38)/30,0))=27),((ROUND((G38-E38)/30,0))=15)), EDATE(G38,-6), IF( (ROUND((G38-E38)/30,0))=12, EDATE(G38,-3), IF( (ROUND((G38-E38)/30,0))=9, EDATE(G38,0),"CALCULAR"))) -> 46066 | G38: 13/08/2026 | H38: ANDRES RUBIANO CUCARIAN | I38: ANDRES RUBIANO CUCARIAN | J38: LUIS ARTURO BASTIDAS | L38: ANDRES RUBIANO CUCARIAN | M38: JUAN CARLOS GUERRERO MALDONADO | N38: DAVID BAUTISTA ROMERO | O38: =VLOOKUP(A38,Hoja4!$A$2:$B$247,2,FALSE) -> JUAN CARLOS GUERRERO MALDONADO | P38: DAVID BAUTISTA ROMERO | Q38: MAT TIC COM INV FIS EMP ETI SST CUL DER | R38: MAT TIC COM FIS SST INV CUL DER ETI EMP | S38: ETI | T38: NELLYS JANETH BLANCO RODRIGUEZ | U38: CUL | V38: YANIS ESTER PEREZ YEPES | W38: EMP | X38: JOHN FRANZ RINCON PENA | Y38: SST | Z38: MARINELLA DIAZ ACOSTA | AA38: MAT | AB38: CINDY CRISTINA CEBALLOS MALDONADO | AC38: TIC | AD38: ERICK RUIZ NOREÑA | AE38: COM | AF38: CESAR AUGUSTO BERMEO | AG38: INV | AH38: CINDY YOHANA BOHORQUEZ GARZON | AK38: FIS | AL38: CAMILO ERNESTO CALDERON GALINDO | AO38: DER | AP38: MARIA CAROLINA GOMEZ CALLE | AX38: =IFERROR(VLOOKUP(A38,_p7_2025,2,FALSE),"")
A39: 2977468 | B39: TECNOLOGO | C39: 28 | D39: ANALISIS Y DESARROLLO DE SOFTWARE | E39: 14/05/2024 | F39: =IF( OR(((ROUND((G39-E39)/30,0))=27),((ROUND((G39-E39)/30,0))=15)), EDATE(G39,-6), IF( (ROUND((G39-E39)/30,0))=12, EDATE(G39,-3), IF( (ROUND((G39-E39)/30,0))=9, EDATE(G39,0),"CALCULAR"))) -> 46066 | G39: 13/08/2026 | H39: ANDRES RUBIANO CUCARIAN | I39: ANDRES RUBIANO CUCARIAN | J39: LUIS ARTURO BASTIDAS | L39: ANDRES RUBIANO CUCARIAN | M39: JUAN CARLOS GUERRERO MALDONADO | N39: JOHAN ENRIQUE ORTEGA AMADO/WILSON QUINTERO ARDILA (TERMINO) | O39: =VLOOKUP(A39,Hoja4!$A$2:$B$247,2,FALSE) -> JUAN CARLOS GUERRERO MALDONADO | Q39: MAT TIC COM INV FIS EMP ETI SST CUL DER | R39: MAT TIC COM FIS SST INV CUL DER ETI EMP | S39: ETI | T39: NELLYS JANETH BLANCO RODRIGUEZ | U39: COM | V39: CATHERINE LOZADA OTALORA | W39: MAT | X39: JULIANA HERNANDEZ BARRERA | Y39: TIC | Z39: CRISTINA CASTANO CASTILLO | AA39: INV | AB39: DIANA MARCELA FIGUEROA FONSECA | AC39: FIS | AD39: CAMILO ERNESTO CALDERON GALINDO | AE39: EMP | AF39: ESTEFANIA SANDOVAL CRUZ | AG39: SST | AH39: JORGE IVAN PEREZ GAITAN | AK39: CUL | AL39: CHRISTIAN CAMILO RODRIGUEZ SALAS | AO39: DER | AP39: MARIA CAROLINA GOMEZ CALLE | AX39: =IFERROR(VLOOKUP(A39,_p7_2025,2,FALSE),"")
A40: 2977469 | B40: TECNOLOGO | C40: 40 | D40: ANALISIS Y DESARROLLO DE SOFTWARE | E40: 14/05/2024 | F40: =IF( OR(((ROUND((G40-E40)/30,0))=27),((ROUND((G40-E40)/30,0))=15)), EDATE(G40,-6), IF( (ROUND((G40-E40)/30,0))=12, EDATE(G40,-3), IF( (ROUND((G40-E40)/30,0))=9, EDATE(G40,0),"CALCULAR"))) -> 46066 | G40: 13/08/2026 | H40: ANA MILENA MOSQUERA SEVILLA | I40: ANA MILENA MOSQUERA SEVILLA | J40: LUIS ARTURO BASTIDAS | M40: ANA MILENA MOSQUERA SEVILLA | N40: JOHAN ENRIQUE ORTEGA AMADO/WILSON QUINTERO ARDILA (TERMINO) | O40: =VLOOKUP(A40,Hoja4!$A$2:$B$247,2,FALSE) -> ANA MILENA MOSQUERA SEVILLA | Q40: MAT TIC COM INV FIS EMP ETI SST CUL DER | R40: MAT TIC COM FIS SST INV CUL DER ETI EMP | S40: ETI | T40: NELLYS JANETH BLANCO RODRIGUEZ | U40: DER | V40: LIDA ROCIO ROA MONSALVE | W40: MAT | X40: ELKIN DURAN MANCIPE | Y40: TIC | Z40: CRISTINA CASTANO CASTILLO | AA40: EMP | AB40: JOHN FRANZ RINCON PENA | AC40: COM | AD40: JORGE ARMANDO PIEDRAHITA CABRERA | AE40: INV | AF40: CINDY YOHANA BOHORQUEZ GARZON | AG40: FIS | AH40: CAMILO ERNESTO CALDERON GALINDO | AK40: SST | AL40: JORGE IVAN PEREZ GAITAN | AW40: CUL | AX40: =IFERROR(VLOOKUP(A40,_p7_2025,2,FALSE),"") -> CHRISTIAN CAMILO RODRIGUEZ SALAS
A41: 2977470 | B41: TECNOLOGO | C41: 26 | D41: ANALISIS Y DESARROLLO DE SOFTWARE | E41: 14/05/2024 | F41: =IF( OR(((ROUND((G41-E41)/30,0))=27),((ROUND((G41-E41)/30,0))=15)), EDATE(G41,-6), IF( (ROUND((G41-E41)/30,0))=12, EDATE(G41,-3), IF( (ROUND((G41-E41)/30,0))=9, EDATE(G41,0),"CALCULAR"))) -> 46066 | G41: 13/08/2026 | H41: VICTOR ERNESTO BADILLO CAMARGO | I41: VICTOR ERNESTO BADILLO CAMARGO | J41: LUIS ARTURO BASTIDAS | M41: GUSTAVO ADOLFO CHACON | N41: JOHAN ENRIQUE ORTEGA AMADO/WILSON QUINTERO ARDILA (TERMINO) | O41: =VLOOKUP(A41,Hoja4!$A$2:$B$247,2,FALSE) -> GUSTAVO ADOLFO CHACÓN | Q41: MAT TIC COM INV FIS EMP ETI SST CUL DER | R41: MAT TIC COM FIS SST INV CUL DER ETI EMP | S41: ETI | T41: NELLYS JANETH BLANCO RODRIGUEZ | U41: DER | V41: HECTOR ANDRES CIPAMOCHA CENTENO | W41: MAT | X41: JULIANA HERNANDEZ BARRERA | Y41: TIC | Z41: VICTOR ERNESTO BADILLO CAMARGO | AA41: EMP | AB41: JOHN FRANZ RINCON PENA | AC41: COM | AD41: JORGE ARMANDO PIEDRAHITA CABRERA | AE41: INV | AF41: CINDY YOHANA BOHORQUEZ GARZON | AG41: FIS | AH41: CAMILO ERNESTO CALDERON GALINDO | AK41: SST | AL41: MARINELLA DIAZ ACOSTA | AW41: CUL | AX41: =IFERROR(VLOOKUP(A41,_p7_2025,2,FALSE),"") -> MELISSA ANDREA LAITON GARNICA
A42: 2977471 | B42: TECNOLOGO | C42: 28 | D42: ANALISIS Y DESARROLLO DE SOFTWARE | E42: 14/05/2024 | F42: =IF( OR(((ROUND((G42-E42)/30,0))=27),((ROUND((G42-E42)/30,0))=15)), EDATE(G42,-6), IF( (ROUND((G42-E42)/30,0))=12, EDATE(G42,-3), IF( (ROUND((G42-E42)/30,0))=9, EDATE(G42,0),"CALCULAR"))) -> 46066 | G42: 13/08/2026 | H42: VICTOR ERNESTO BADILLO CAMARGO | I42: VICTOR ERNESTO BADILLO CAMARGO | J42: LUIS ARTURO BASTIDAS | M42: GUSTAVO ADOLFO CHACON | N42: JOHAN ENRIQUE ORTEGA AMADO/WILSON QUINTERO ARDILA (TERMINO) | O42: =VLOOKUP(A42,Hoja4!$A$2:$B$247,2,FALSE) -> GUSTAVO ADOLFO CHACÓN | Q42: MAT TIC COM INV FIS EMP ETI SST CUL DER | R42: MAT TIC COM FIS SST INV CUL DER ETI EMP | S42: ETI | T42: NELLYS JANETH BLANCO RODRIGUEZ | U42: DER | V42: HECTOR ANDRES CIPAMOCHA CENTENO | W42: CUL | X42: CHRISTIAN CAMILO RODRIGUEZ SALAS | Y42: INV | Z42: FRANCI PAOLA LOZANO PIRAQUIVE | AA42: MAT | AB42: CINDY CRISTINA CEBALLOS MALDONADO | AC42: TIC | AD42: CRISTINA CASTANO CASTILLO | AE42: COM | AF42: JORGE ARMANDO PIEDRAHITA CABRERA | AG42: EMP | AH42: LUIS ARTURO BASTIDAS | AK42: FIS | AL42: CAMILO ERNESTO CALDERON GALINDO | AO42: SST | AP42: MARINELLA DIAZ ACOSTA | AX42: =IFERROR(VLOOKUP(A42,_p7_2025,2,FALSE),"")
A43: 2977472 | B43: TECNOLOGO | C43: 33 | D43: ANALISIS Y DESARROLLO DE SOFTWARE | E43: 14/05/2024 | F43: =IF( OR(((ROUND((G43-E43)/30,0))=27),((ROUND((G43-E43)/30,0))=15)), EDATE(G43,-6), IF( (ROUND((G43-E43)/30,0))=12, EDATE(G43,-3), IF( (ROUND((G43-E43)/30,0))=9, EDATE(G43,0),"CALCULAR"))) -> 46066 | G43: 13/08/2026 | H43: VICTOR ERNESTO BADILLO CAMARGO | I43: VICTOR ERNESTO BADILLO CAMARGO | J43: LUIS ARTURO BASTIDAS | M43: GUSTAVO ADOLFO CHACON | N43: JOHAN ENRIQUE ORTEGA AMADO/WILSON QUINTERO ARDILA (TERMINO) | O43: =VLOOKUP(A43,Hoja4!$A$2:$B$247,2,FALSE) -> GUSTAVO ADOLFO CHACÓN | Q43: MAT TIC COM INV FIS EMP ETI SST CUL DER | R43: MAT TIC COM FIS SST INV CUL DER ETI EMP | S43: ETI | T43: NELLYS JANETH BLANCO RODRIGUEZ | U43: DER | V43: LIDA ROCIO ROA MONSALVE | W43: MAT | X43: CINDY CRISTINA CEBALLOS MALDONADO | Y43: TIC | Z43: VICTOR ERNESTO BADILLO CAMARGO | AA43: EMP | AB43: ESTEFANIA SANDOVAL CRUZ | AC43: COM | AD43: JORGE ARMANDO PIEDRAHITA CABRERA | AE43: INV | AF43: CINDY YOHANA BOHORQUEZ GARZON | AG43: FIS | AH43: CAMILO ERNESTO CALDERON GALINDO | AK43: SST | AL43: JORGE IVAN PEREZ GAITAN | AO43: CUL | AP43: MELISSA ANDREA LAITON GARNICA | AX43: =IFERROR(VLOOKUP(A43,_p7_2025,2,FALSE),"")
A44: 2977473 | B44: TECNOLOGO | C44: 27 | D44: ANALISIS Y DESARROLLO DE SOFTWARE | E44: 14/05/2024 | F44: =IF( OR(((ROUND((G44-E44)/30,0))=27),((ROUND((G44-E44)/30,0))=15)), EDATE(G44,-6), IF( (ROUND((G44-E44)/30,0))=12, EDATE(G44,-3), IF( (ROUND((G44-E44)/30,0))=9, EDATE(G44,0),"CALCULAR"))) -> 46066 | G44: 13/08/2026 | H44: VICTOR ERNESTO BADILLO CAMARGO | I44: VICTOR ERNESTO BADILLO CAMARGO | J44: LUIS ARTURO BASTIDAS | M44: GUSTAVO ADOLFO CHACON | N44: JOHAN ENRIQUE ORTEGA AMADO/WILSON QUINTERO ARDILA (TERMINO) | O44: =VLOOKUP(A44,Hoja4!$A$2:$B$247,2,FALSE) -> GUSTAVO ADOLFO CHACÓN | Q44: MAT TIC COM INV FIS EMP ETI SST CUL DER | R44: MAT TIC COM FIS SST INV CUL DER ETI EMP | S44: ETI | T44: NELLYS JANETH BLANCO RODRIGUEZ | U44: DER | V44: HECTOR ANDRES CIPAMOCHA CENTENO | W44: MAT | X44: ELKIN DURAN MANCIPE | Y44: TIC | Z44: VICTOR ERNESTO BADILLO CAMARGO | AA44: EMP | AB44: ESTEFANIA SANDOVAL CRUZ | AE44: COM | AF44: CESAR AUGUSTO BERMEO | AG44: INV | AH44: CINDY YOHANA BOHORQUEZ GARZON | AK44: FIS | AL44: CAMILO ERNESTO CALDERON GALINDO | AO44: SST | AP44: JORGE IVAN PEREZ GAITAN | AW44: CUL | AX44: =IFERROR(VLOOKUP(A44,_p7_2025,2,FALSE),"") -> CHRISTIAN CAMILO RODRIGUEZ SALAS
A45: 2977634 | B45: TECNOLOGO | C45: 23 | D45: DESARROLLO PUBLICITARIO | E45: 14/05/2024 | F45: =IF( OR(((ROUND((G45-E45)/30,0))=27),((ROUND((G45-E45)/30,0))=15)), EDATE(G45,-6), IF( (ROUND((G45-E45)/30,0))=12, EDATE(G45,-3), IF( (ROUND((G45-E45)/30,0))=9, EDATE(G45,0),"CALCULAR"))) -> 46066 | G45: 13/08/2026 | H45: VIVIANA MARCELA AGUDELO GARCIA | I45: VIVIANA MARCELA AGUDELO GARCIA | J45: GUSTAVO ADOLFO MORALES CAMARGO | M45: VIVIANA MARCELA AGUDELO GARCIA | N45: JOHAN ENRIQUE ORTEGA AMADO/WILSON QUINTERO ARDILA (TERMINO) | O45: =VLOOKUP(A45,Hoja4!$A$2:$B$247,2,FALSE) -> VIVIANA MARCELA AGUDELO GARCÍA | Q45: TIC ETI COM EMP INV MAT SST CUL CIE DER | R45: MAT TIC COM CIE SST INV CUL DER ETI EMP | S45: COM | T45: CATHERINE LOZADA OTALORA | U45: EMP | V45: JOHN FRANZ RINCON PENA | W45: CUL | X45: CHRISTIAN CAMILO RODRIGUEZ SALAS | Y45: ETI | Z45: LISET NUNEZ RODRIGUEZ | AA45: CIE | AB45: LAURA SOFIA PAEZ GALLO | AC45: TIC | AD45: CRISTINA CASTANO CASTILLO | AE45: INV | AF45: CINDY YOHANA BOHORQUEZ GARZON | AG45: MAT | AH45: ELKIN DURAN MANCIPE | AK45: SST | AL45: MARINELLA DIAZ ACOSTA | AO45: DER | AP45: HECTOR ANDRES CIPAMOCHA CENTENO | AX45: =IFERROR(VLOOKUP(A45,_p7_2025,2,FALSE),"")
A46: 2977635 | B46: TECNOLOGO | C46: 31 | D46: DESARROLLO PUBLICITARIO | E46: 14/05/2024 | F46: =IF( OR(((ROUND((G46-E46)/30,0))=27),((ROUND((G46-E46)/30,0))=15)), EDATE(G46,-6), IF( (ROUND((G46-E46)/30,0))=12, EDATE(G46,-3), IF( (ROUND((G46-E46)/30,0))=9, EDATE(G46,0),"CALCULAR"))) -> 46066 | G46: 13/08/2026 | H46: VIVIANA MARCELA AGUDELO GARCIA | I46: VIVIANA MARCELA AGUDELO GARCIA | J46: GUSTAVO ADOLFO MORALES CAMARGO | M46: VIVIANA MARCELA AGUDELO GARCIA | N46: JOHAN ENRIQUE ORTEGA AMADO/WILSON QUINTERO ARDILA (TERMINO) | O46: =VLOOKUP(A46,Hoja4!$A$2:$B$247,2,FALSE) -> VIVIANA MARCELA AGUDELO GARCÍA | Q46: TIC ETI COM EMP INV MAT SST CUL CIE DER | R46: MAT TIC COM CIE SST INV CUL DER ETI EMP | S46: COM | T46: JORGE ARMANDO PIEDRAHITA CABRERA | U46: EMP | V46: ESTEFANIA SANDOVAL CRUZ | W46: CUL | X46: YANIS ESTER PEREZ YEPES | Y46: ETI | Z46: NELLYS JANETH BLANCO RODRIGUEZ | AA46: CIE | AB46: LAURA SOFIA PAEZ GALLO | AC46: TIC | AD46: ERICK RUIZ NOREÑA | AE46: INV | AF46: CINDY YOHANA BOHORQUEZ GARZON | AG46: MAT | AH46: WILDER JULIAN ARIAS HERNANDEZ | AK46: SST | AL46: JORGE IVAN PEREZ GAITAN | AO46: DER | AP46: LAURA STHEPHANIA SANCHEZ PABON | AX46: =IFERROR(VLOOKUP(A46,_p7_2025,2,FALSE),"")
